,MODELYEAR,MAKE,MODEL,VEHICLECLASS,ENGINESIZE,CYLINDERS,TRANSMISSION,FUELTYPE,FUELCONSUMPTION_CITY,FUELCONSUMPTION_HWY,FUELCONSUMPTION_COMB,FUELCONSUMPTION_COMB_MPG,CO2EMISSIONS
715,2014,MAZDA,MAZDA6,MID-SIZE,2.5,4,AS6,X,8.8,6.2,7.6,37,175
386,2014,FORD,F150 FFV 4X4,PICKUP TRUCK - STANDARD,3.7,6,AS6,E,20.2,15.3,18.0,16,288
105,2014,BMW,640i xDRIVE GRAN COUPE,COMPACT,3.0,6,A8,Z,11.9,8.0,10.1,28,232
163,2014,CADILLAC,CTS COUPE AWD,MID-SIZE,3.6,6,AS6,X,13.3,9.0,11.4,25,262
581,2014,JEEP,COMPASS 4X4,SUV - SMALL,2.4,4,A6,X,11.4,8.7,10.2,28,235
411,2014,FORD,FUSION,MID-SIZE,2.0,4,AS6,X,10.5,7.1,9.0,31,207
127,2014,BMW,X1 xDRIVE35i,SUV - SMALL,3.0,6,A6,Z,13.2,8.9,11.3,25,260
878,2014,PORSCHE,911 CARRERA S,MINICOMPACT,3.8,6,M7,Z,12.6,8.6,10.8,26,248
784,2014,MINI,COOPER COUNTRYMAN,COMPACT,1.6,4,A6,Z,9.4,7.9,8.7,32,200
709,2014,MAZDA,MAZDA3 5-DOOR,MID-SIZE,2.0,4,M6,X,8.2,5.9,7.2,39,166
550,2014,JAGUAR,XF,MID-SIZE,2.0,4,AS8,Z,12.3,8.2,10.5,27,242
416,2014,FORD,MUSTANG,SUBCOMPACT,3.7,6,A6,X,12.1,7.8,10.2,28,235
1051,2014,VOLKSWAGEN,TIGUAN,SUV - SMALL,2.0,4,A6,Z,11.7,9.5,10.7,26,246
984,2014,TOYOTA,HIGHLANDER AWD,SUV - STANDARD,3.5,6,AS6,X,13.0,9.7,11.5,25,264
472,2014,GMC,YUKON 4WD,SUV - STANDARD,5.3,8,A6,E,21.5,14.6,18.4,15,294
31,2014,AUDI,A8,MID-SIZE,4.0,8,AS8,Z,13.5,8.6,11.3,25,260
391,2014,FORD,F150 RAPTOR 4X4,PICKUP TRUCK - STANDARD,6.2,8,AS6,X,20.4,15.0,18.0,16,414
929,2014,SCION,FR-S,MINICOMPACT,2.0,4,AS6,Z,9.6,7.0,8.4,34,193
540,2014,INFINITI,QX50 AWD,STATION WAGON - SMALL,3.7,6,AS7,Z,13.6,9.6,11.8,24,271
780,2014,MINI,COOPER CLUBMAN,SUBCOMPACT,1.6,4,A6,Z,8.7,6.6,7.8,36,179
683,2014,LINCOLN,MKZ,MID-SIZE,2.0,4,AS6,X,10.5,7.1,9.0,31,207
112,2014,BMW,760Li,FULL-SIZE,6.0,12,A8,Z,18.7,11.5,15.5,18,356
967,2014,TOYOTA,AVALON,MID-SIZE,3.5,6,AS6,X,11.3,7.6,9.6,29,221
132,2014,BMW,X6 M,SUV - STANDARD,4.4,8,A6,Z,18.1,13.7,16.1,18,370
152,2014,BUICK,REGAL eASSIST,MID-SIZE,2.4,4,AS6,X,9.6,6.5,8.2,34,189
437,2014,GMC,SAVANA 1500 CARGO AWD,VAN - CARGO,5.3,8,A4,X,18.3,14.2,16.5,17,380
1042,2014,VOLKSWAGEN,JETTA TURBO HYBRID,COMPACT,1.4,4,AM7,Z,5.6,5.2,5.4,52,124
790,2014,MINI,COOPER ROADSTER,TWO-SEATER,1.6,4,A6,Z,8.7,6.6,7.8,36,179
592,2014,JEEP,PATRIOT,SUV - SMALL,2.4,4,M5,X,10.3,8.3,9.4,30,216
645,2014,LAND ROVER,RANGE ROVER SPORT V6 3.0 SC FFV,SUV - STANDARD,3.0,6,AS8,E,19.4,14.9,17.4,16,278
629,2014,KIA,SPORTAGE,SUV - SMALL,2.4,4,A6,X,11.4,8.3,10.0,28,230
261,2014,CHEVROLET,SUBURBAN,SUV - STANDARD,5.3,8,A6,X,16.0,11.1,13.8,20,317
294,2014,DODGE,AVENGER,MID-SIZE,2.4,4,A6,X,12.0,7.6,10.0,28,230
209,2014,CHEVROLET,EQUINOX AWD,SUV - SMALL,3.6,6,A6,E,19.8,13.6,17.0,17,272
509,2014,HYUNDAI,SANTA FE 4WD,SUV - SMALL,3.3,6,A6,X,13.3,9.5,11.6,24,267
499,2014,HONDA,PILOT,SUV - SMALL,3.5,6,A5,X,13.3,9.3,11.5,25,265
1011,2014,TOYOTA,VENZA 4WD,SUV - SMALL,3.5,6,AS6,X,12.9,9.4,11.3,25,260
376,2014,FORD,F150 FFV,PICKUP TRUCK - STANDARD,3.7,6,A6,E,18.8,13.7,16.5,17,264
159,2014,CADILLAC,ATS,COMPACT,3.6,6,AS6,X,12.8,8.5,10.9,26,251
570,2014,JEEP,CHEROKEE,SUV - SMALL,3.2,6,A9,X,12.3,8.3,10.5,27,242
652,2014,LAND ROVER,RANGE ROVER V8 5.0 SC,SUV - STANDARD,5.0,8,AS8,Z,18.0,12.2,15.4,18,354
97,2014,BMW,435i xDRIVE COUPE,COMPACT,3.0,6,M6,Z,11.9,8.3,10.3,27,237
93,2014,BMW,428i xDRIVE COUPE,COMPACT,2.0,4,A8,Z,10.6,7.2,9.1,31,209
333,2014,FIAT,500 ABARTH HATCHBACK,MINICOMPACT,1.4,4,M5,X,8.5,6.9,7.8,36,179
620,2014,KIA,SEDONA,MINIVAN,3.5,6,A6,X,13.7,9.9,12.0,24,276
279,2014,CHRYSLER,200 SEDAN,MID-SIZE,2.4,4,A4,X,11.2,8.0,9.8,29,225
477,2014,GMC,YUKON XL,SUV - STANDARD,5.3,8,A6,X,16.0,11.1,13.8,20,317
186,2014,CADILLAC,XTS AWD,FULL-SIZE,3.6,6,AS6,X,14.0,9.1,11.8,24,271
889,2014,PORSCHE,BOXSTER S,TWO-SEATER,3.4,6,M6,Z,11.9,8.6,10.4,27,239
1027,2014,VOLKSWAGEN,CC,COMPACT,2.0,4,M6,Z,11.6,7.7,9.8,29,225
461,2014,GMC,SIERRA 4WD,PICKUP TRUCK - STANDARD,5.3,8,A6,E,19.9,14.2,17.3,16,277
785,2014,MINI,COOPER COUNTRYMAN,COMPACT,1.6,4,M6,Z,8.6,6.8,7.8,36,179
224,2014,CHEVROLET,EXPRESS 2500 PASSENGER,VAN - PASSENGER,6.0,8,A6,X,21.9,15.0,18.8,15,432
14,2014,ASTON MARTIN,V8 VANTAGE,TWO-SEATER,4.7,8,AM7,Z,17.4,11.3,14.7,19,338
170,2014,CADILLAC,CTS SPORT WAGON,STATION WAGON - SMALL,3.6,6,AS6,X,13.3,8.9,11.3,25,260
623,2014,KIA,SORENTO 4WD,SUV - SMALL,2.4,4,A6,X,12.3,9.3,11.0,26,253
729,2014,MERCEDES-BENZ,C 350 COUPE,SUBCOMPACT,3.5,6,AS7,Z,12.1,8.6,10.5,27,242
951,2014,SUBARU,IMPREZA WAGON AWD,STATION WAGON - SMALL,2.0,4,AV,X,8.7,6.6,7.8,36,179
115,2014,BMW,ACTIVEHYBRID 7L,FULL-SIZE,3.0,6,A8,Z,10.5,7.6,9.2,31,212
518,2014,HYUNDAI,TUCSON,SUV - SMALL,2.0,4,M6,X,11.4,8.6,10.1,28,232
692,2014,MASERATI,QUATTROPORTE GTS,FULL-SIZE,3.8,8,AS8,Z,17.6,10.7,14.5,19,334
1022,2014,VOLKSWAGEN,BEETLE CONVERTIBLE,SUBCOMPACT,2.0,4,M6,Z,10.8,7.6,9.4,30,216
19,2014,AUDI,A4,COMPACT,2.0,4,AV8,Z,9.9,7.4,8.8,32,202
107,2014,BMW,650i xDRIVE COUPE,COMPACT,4.4,8,A8,Z,14.4,9.6,12.2,23,281
139,2014,BMW,Z4 sDRIVE35is,TWO-SEATER,3.0,6,AM7,Z,13.7,10.1,12.1,23,278
761,2014,MERCEDES-BENZ,GLK 350 4MATIC,SUV - SMALL,3.5,6,AS7,Z,12.6,9.6,11.3,25,260
236,2014,CHEVROLET,ORLANDO,SUV - SMALL,2.4,4,M6,X,11.8,8.3,10.2,28,235
549,2014,JAGUAR,F-TYPE V8 S CONVERTIBLE,TWO-SEATER,5.0,8,AS8,Z,15.0,10.2,12.8,22,294
660,2014,LEXUS,GS 450h,MID-SIZE,3.5,6,AV8,Z,7.7,7.4,7.6,37,175
355,2014,FORD,EDGE AWD,SUV - SMALL,3.7,6,AS6,X,13.7,10.4,12.2,23,281
661,2014,LEXUS,GX 460,SUV - STANDARD,4.6,8,AS6,Z,15.7,11.8,13.9,20,320
370,2014,FORD,F150,PICKUP TRUCK - STANDARD,3.5,6,AS6,X,14.6,10.6,12.8,22,294
1055,2014,VOLKSWAGEN,TOUAREG TDI CLEAN DIESEL,SUV - STANDARD,3.0,6,AS8,D,12.3,8.0,10.4,27,281
233,2014,CHEVROLET,MALIBU,MID-SIZE,2.0,4,AS6,Z,11.5,7.9,9.9,29,228
229,2014,CHEVROLET,IMPALA,FULL-SIZE,2.5,4,AS6,X,11.3,7.5,9.6,29,221
668,2014,LEXUS,IS F,SUBCOMPACT,5.0,8,AS8,Z,14.6,10.1,12.6,22,290
440,2014,GMC,SAVANA 1500 CARGO CONV,VAN - CARGO,5.3,8,A4,E,23.9,18.5,21.5,13,344
447,2014,GMC,SAVANA 2500 PASSENGER,VAN - PASSENGER,4.8,8,A6,X,21.1,14.2,18.0,16,414
783,2014,MINI,COOPER CONVERTIBLE,MINICOMPACT,1.6,4,M6,Z,8.6,6.8,7.8,36,179
319,2014,DODGE,DART GT,MID-SIZE,2.4,4,A6,X,10.6,7.5,9.2,31,212
457,2014,GMC,SIERRA,PICKUP TRUCK - STANDARD,6.2,8,A6,Z,16.3,11.4,14.1,20,324
637,2014,LAND ROVER,LR4,SUV - STANDARD,3.0,6,AS8,Z,16.3,12.4,14.5,19,334
991,2014,TOYOTA,RAV4 AWD,SUV - SMALL,2.5,4,AS6,X,10.4,8.1,9.4,30,216
706,2014,MAZDA,MAZDA3 4-DOOR (i-ELOOP),COMPACT,2.5,4,AS6,X,8.3,6.1,7.3,39,168
881,2014,PORSCHE,911 GT3,TWO-SEATER,3.8,6,AM7,Z,16.0,11.5,14.0,20,322
718,2014,MAZDA,MX-5,TWO-SEATER,2.0,4,AS6,Z,11.5,8.5,10.2,28,235
59,2014,AUDI,S5 CABRIOLET,SUBCOMPACT,3.0,6,A7,Z,13.3,9.5,11.6,24,267
713,2014,MAZDA,MAZDA5,MINIVAN,2.5,4,AS5,X,10.8,8.4,9.7,29,223
428,2014,FORD,TRANSIT CONNECT,SPECIAL PURPOSE VEHICLE,1.6,4,AS6,X,10.8,8.0,9.5,30,218
1062,2014,VOLVO,XC60 AWD,SUV - SMALL,3.0,6,AS6,X,13.4,9.8,11.8,24,271
947,2014,SUBARU,IMPREZA AWD,COMPACT,2.0,4,AV,X,8.7,6.6,7.8,36,179
116,2014,BMW,ALPINA B7 xDRIVE LWB,FULL-SIZE,4.4,8,A8,Z,15.0,9.8,12.7,22,292
68,2014,BENTLEY,CONTINENTAL GT,SUBCOMPACT,4.0,8,AS8,Z,15.4,9.8,12.9,22,297
468,2014,GMC,TERRAIN AWD,SUV - SMALL,3.6,6,A6,E,19.8,13.6,17.0,17,272
856,2014,NISSAN,ROGUE AWD,SUV - SMALL,2.5,4,AV,X,9.5,7.4,8.6,33,198
401,2014,FORD,FOCUS FFV,COMPACT,2.0,4,A6,X,8.8,6.4,7.7,37,177
443,2014,GMC,SAVANA 1500 PASSENGER,VAN - PASSENGER,5.3,8,A4,X,18.6,13.9,16.5,17,380
371,2014,FORD,F150,PICKUP TRUCK - STANDARD,6.2,8,AS6,X,18.3,12.9,15.9,18,366
399,2014,FORD,FLEX AWD (EcoBoost),SUV - STANDARD,3.5,6,AS6,X,14.8,10.4,12.8,22,294
1044,2014,VOLKSWAGEN,PASSAT,MID-SIZE,1.8,4,M5,X,10.0,6.9,8.6,33,198
700,2014,MAZDA,CX-9 4WD,SUV - SMALL,3.7,6,AS6,X,14.3,10.6,12.6,22,290
456,2014,GMC,SIERRA,PICKUP TRUCK - STANDARD,5.3,8,A6,E,19.5,13.7,16.9,17,270
562,2014,JAGUAR,XJR LWB,FULL-SIZE,5.0,8,AS8,Z,15.8,10.2,13.3,21,306
37,2014,AUDI,ALLROAD QUATTRO,STATION WAGON - SMALL,2.0,4,AS8,Z,11.8,8.8,10.5,27,242
763,2014,MERCEDES-BENZ,ML 350 4MATIC FFV,SUV - STANDARD,3.5,6,AS7,E,17.8,13.8,16.0,18,256
876,2014,PORSCHE,911 CARRERA CABRIOLET,MINICOMPACT,3.4,6,M7,Z,12.4,8.6,10.7,26,246
106,2014,BMW,650i xDRIVE CABRIOLET,SUBCOMPACT,4.4,8,A8,Z,15.0,9.8,12.7,22,292
712,2014,MAZDA,MAZDA3 5-DOOR (SIL),MID-SIZE,2.0,4,M6,X,8.2,5.9,7.2,39,166
351,2014,FORD,E350 WAGON FFV,VAN - PASSENGER,5.4,8,A4,E,26.7,20.5,23.9,12,382
356,2014,FORD,ESCAPE,SUV - SMALL,1.6,4,AS6,X,10.4,7.4,9.1,31,209
323,2014,DODGE,DURANGO AWD (MDS),SUV - STANDARD,5.7,8,A8,X,17.3,10.8,14.4,20,331
638,2014,LAND ROVER,RANGE ROVER EVOQUE,SUV - SMALL,2.0,4,AS9,Z,11.3,7.9,9.8,29,225
251,2014,CHEVROLET,SONIC 5,MID-SIZE,1.4,4,AS6,X,9.1,6.7,8.0,35,184
969,2014,TOYOTA,CAMRY,MID-SIZE,3.5,6,AS6,X,11.1,7.8,9.6,29,221
546,2014,INFINITI,QX80 4WD,SUV - STANDARD,5.6,8,AS7,Z,17.4,12.1,15.0,19,345
739,2014,MERCEDES-BENZ,E 250 BLUETEC 4MATIC,MID-SIZE,2.1,4,AS7,D,8.5,5.7,7.2,39,194
390,2014,FORD,F150 FFV 4X4,PICKUP TRUCK - STANDARD,5.0,8,AS6,E,22.4,16.9,19.9,14,318
55,2014,AUDI,S4,COMPACT,3.0,6,A7,Z,13.2,9.2,11.4,25,262
215,2014,CHEVROLET,EXPRESS 1500 CARGO CONV,VAN - CARGO,5.3,8,A4,X,18.6,13.9,16.5,17,380
338,2014,FIAT,500 HATCHBACK,MINICOMPACT,1.4,4,M5,X,7.6,5.9,6.8,42,156
791,2014,MINI,COOPER ROADSTER,TWO-SEATER,1.6,4,M6,Z,8.6,6.8,7.8,36,179
746,2014,MERCEDES-BENZ,E 400 HYBRID,MID-SIZE,3.5,6,AS7,Z,9.6,7.9,8.8,32,202
56,2014,AUDI,S4,COMPACT,3.0,6,M6,Z,14.6,9.8,12.4,23,285
649,2014,LAND ROVER,RANGE ROVER V6 3.0 SC,SUV - STANDARD,3.0,6,AS8,Z,14.1,10.1,12.3,23,283
932,2014,SCION,tC,COMPACT,2.5,4,AS6,X,10.2,7.5,9.0,31,207
169,2014,CADILLAC,CTS SPORT WAGON,STATION WAGON - SMALL,3.0,6,AS6,X,12.7,8.9,11.0,26,253
291,2014,CHRYSLER,TOWN & COUNTRY FFV,MINIVAN,3.6,6,A6,X,14.1,9.5,12.0,24,276
181,2014,CADILLAC,ESCALADE ESV AWD,SUV - STANDARD,6.2,8,A6,Z,18.8,13.4,16.4,17,377
53,2014,AUDI,RS5 CABRIOLET,SUBCOMPACT,4.2,8,A7,Z,15.2,11.3,13.4,21,308
914,2014,RAM,1500 4X4 FFV,PICKUP TRUCK - STANDARD,3.6,6,A8,X,14.6,10.1,12.6,22,290
962,2014,SUBARU,XV CROSSTREK AWD,SUV - SMALL,2.0,4,AV,X,9.5,7.2,8.5,33,196
346,2014,FORD,E150 VAN FFV,VAN - CARGO,5.4,8,A4,E,24.9,19.6,22.5,13,360
822,2014,MITSUBISHI,LANCER SPORTBACK,STATION WAGON - SMALL,2.0,4,AV6,X,9.6,7.3,8.6,33,198
151,2014,BUICK,REGAL AWD,MID-SIZE,2.0,4,AS6,Z,12.3,8.7,10.7,26,246
806,2014,MINI,JOHN COOPER WORKS CONVERTIBLE,MINICOMPACT,1.6,4,A6,Z,9.3,7.0,8.3,34,191
487,2014,HONDA,ACCORD HYBRID,MID-SIZE,2.0,4,AV,X,4.7,4.9,4.8,59,110
230,2014,CHEVROLET,IMPALA,FULL-SIZE,3.6,6,AS6,X,12.6,8.2,10.6,27,244
818,2014,MITSUBISHI,LANCER AWD,COMPACT,2.4,4,AV6,X,10.5,8.2,9.5,30,218
857,2014,NISSAN,SENTRA,MID-SIZE,1.8,4,AV,X,7.8,6.0,7.0,40,161
777,2014,MERCEDES-BENZ,SLS AMG BLACK SERIES COUPE,TWO-SEATER,6.2,8,AS7,Z,18.7,13.9,16.5,17,380
833,2014,NISSAN,370Z,TWO-SEATER,3.7,6,M6,Z,13.3,9.3,11.5,25,264
778,2014,MERCEDES-BENZ,SLS AMG GT COUPE,TWO-SEATER,6.2,8,AS7,Z,18.2,12.6,15.7,18,361
954,2014,SUBARU,IMPREZA WAGON AWD,STATION WAGON - SMALL,2.5,4,M6,Z,14.2,10.4,12.5,23,288
514,2014,HYUNDAI,SONATA,FULL-SIZE,2.4,4,A6,X,9.8,7.0,8.5,33,196
188,2014,CHEVROLET,CAMARO,COMPACT,3.6,6,AS6,X,13.2,8.7,11.2,25,258
388,2014,FORD,F150 FFV 4X4,PICKUP TRUCK - STANDARD,5.0,8,A6,E,22.4,17.0,20.0,14,320
993,2014,TOYOTA,SEQUOIA 4WD,SUV - STANDARD,5.7,8,AS6,X,19.0,13.9,16.7,17,384
869,2014,PORSCHE,911 CARRERA 4 CABRIOLET,MINICOMPACT,3.4,6,AM7,Z,12.0,8.7,10.5,27,242
614,2014,KIA,OPTIMA,MID-SIZE,2.4,4,A6,X,10.2,6.8,8.7,32,200
185,2014,CADILLAC,XTS,FULL-SIZE,3.6,6,AS6,X,13.6,8.6,11.4,25,262
557,2014,JAGUAR,XJ SUPERCHARGED,FULL-SIZE,5.0,8,AS8,E,20.6,13.6,17.5,16,280
43,2014,AUDI,Q7 TDI CLEAN DIESEL,SUV - STANDARD,3.0,6,AS8,D,12.9,8.4,10.9,26,294
475,2014,GMC,YUKON DENALI XL AWD,SUV - STANDARD,6.2,8,A6,Z,18.8,13.4,16.4,17,377
800,2014,MINI,COOPER S PACEMAN ALL4,COMPACT,1.6,4,A6,Z,10.0,7.8,9.0,31,207
667,2014,LEXUS,IS 350 C,SUBCOMPACT,3.5,6,AS6,Z,12.1,8.7,10.6,27,244
142,2014,BUICK,ENCORE,SUV - SMALL,1.4,4,AS6,X,9.5,7.2,8.5,33,196
1032,2014,VOLKSWAGEN,GOLF WAGON TDI CLEAN DIESEL,STATION WAGON - SMALL,2.0,4,A6,D,8.2,6.0,7.2,39,194
628,2014,KIA,SOUL ECO Dynamics,STATION WAGON - SMALL,2.0,4,A6,X,9.7,7.8,8.8,32,202
877,2014,PORSCHE,911 CARRERA S,MINICOMPACT,3.8,6,AM7,Z,12.1,8.7,10.6,27,244
352,2014,FORD,EDGE,SUV - SMALL,2.0,4,A6,X,11.3,7.9,9.8,29,225
317,2014,DODGE,DART FFV,MID-SIZE,2.0,4,A6,X,9.9,7.0,8.6,33,198
322,2014,DODGE,DART TURBO AERO,MID-SIZE,1.4,4,M6,X,8.5,5.8,7.3,39,168
448,2014,GMC,SAVANA 2500 PASSENGER,VAN - PASSENGER,6.0,8,A6,X,21.9,15.0,18.8,15,432
866,2014,PORSCHE,911 CARRERA,MINICOMPACT,3.4,6,M7,Z,12.5,8.6,10.7,26,246
554,2014,JAGUAR,XFR-S,MID-SIZE,5.0,8,AS8,Z,15.7,10.3,13.3,21,306
528,2014,INFINITI,Q50 HYBRID,COMPACT,3.5,6,AS7,Z,8.2,6.7,7.5,38,172
650,2014,LAND ROVER,RANGE ROVER V6 3.0 SC FFV,SUV - STANDARD,3.0,6,AS8,Z,14.1,10.1,12.3,23,283
329,2014,DODGE,JOURNEY AWD,SUV - SMALL,3.6,6,A6,X,14.5,9.9,12.4,23,285
0,2014,ACURA,ILX,COMPACT,2.0,4,AS5,Z,9.9,6.7,8.5,33,196
150,2014,BUICK,REGAL,MID-SIZE,2.0,4,M6,Z,11.6,7.5,9.8,29,225
930,2014,SCION,FR-S,MINICOMPACT,2.0,4,M6,Z,10.9,7.8,9.5,30,218
67,2014,AUDI,TTS ROADSTER QUATTRO,TWO-SEATER,2.0,4,A6,Z,11.5,8.8,10.3,27,237
797,2014,MINI,COOPER S COUNTRYMAN ALL4,COMPACT,1.6,4,M6,Z,9.3,7.5,8.5,33,196
632,2014,KIA,SPORTAGE AWD,SUV - SMALL,2.4,4,A6,X,12.0,9.1,10.7,26,246
760,2014,MERCEDES-BENZ,GLK 250 BLUETEC 4MATIC,SUV - SMALL,2.1,4,AS7,D,9.6,7.1,8.5,33,230
787,2014,MINI,COOPER COUPE,TWO-SEATER,1.6,4,M6,Z,8.0,6.4,7.3,39,168
703,2014,MAZDA,MAZDA3 4-DOOR,COMPACT,2.0,4,AS6,X,7.9,5.7,6.9,41,159
327,2014,DODGE,GRAND CARAVAN FFV,MINIVAN,3.6,6,A6,E,19.2,13.1,16.5,17,264
701,2014,MAZDA,MAZDA2,COMPACT,1.5,4,A4,X,8.4,6.9,7.7,37,177
1038,2014,VOLKSWAGEN,JETTA GLI,COMPACT,2.0,4,A6,Z,10.2,7.5,9.0,31,207
921,2014,RAM,CARGO VAN FFV,MINIVAN,3.6,6,A6,E,18.6,12.7,15.9,18,254
587,2014,JEEP,GRAND CHEROKEE 4X4 FFV,SUV - STANDARD,3.6,6,A8,E,17.7,13.0,15.6,18,250
694,2014,MAZDA,CX-5,SUV - SMALL,2.0,4,AS6,X,8.9,7.3,8.2,34,189
609,2014,KIA,FORTE KOUP,COMPACT,1.6,4,A6,X,10.6,7.9,9.4,30,216
542,2014,INFINITI,QX60 AWD,SUV - SMALL,3.5,6,AV,Z,12.3,9.3,11.0,26,253
861,2014,NISSAN,VERSA,COMPACT,1.6,4,AV,X,7.2,5.8,6.6,43,152
865,2014,PORSCHE,911 CARRERA,MINICOMPACT,3.4,6,AM7,Z,11.6,8.3,10.1,28,232
179,2014,CADILLAC,ESCALADE AWD,SUV - STANDARD,6.2,8,A6,Z,17.0,11.8,14.7,19,338
742,2014,MERCEDES-BENZ,E 350 4MATIC COUPE,SUBCOMPACT,3.5,6,AS7,Z,11.9,8.5,10.4,27,239
897,2014,PORSCHE,CAYMAN,TWO-SEATER,2.7,6,AM7,Z,10.7,7.4,9.2,31,212
131,2014,BMW,X5 xDRIVE50i,SUV - STANDARD,4.4,8,A8,Z,16.3,10.9,13.9,20,320
891,2014,PORSCHE,CAYENNE,SUV - STANDARD,3.6,6,M6,Z,15.8,10.9,13.6,21,313
283,2014,CHRYSLER,300 (MDS),FULL-SIZE,5.7,8,A5,X,15.8,9.2,12.8,22,294
417,2014,FORD,MUSTANG,SUBCOMPACT,3.7,6,M6,X,12.7,8.1,10.6,27,244
801,2014,MINI,COOPER S PACEMAN ALL4,COMPACT,1.6,4,M6,Z,9.3,7.5,8.5,33,196
814,2014,MINI,JOHN COOPER WORKS ROADSTER,TWO-SEATER,1.6,4,A6,Z,9.3,7.0,8.3,34,191
114,2014,BMW,ACTIVEHYBRID 5,MID-SIZE,3.0,6,A8,Z,10.5,7.9,9.3,30,214
1007,2014,TOYOTA,TUNDRA 4WD,PICKUP TRUCK - STANDARD,5.7,8,AS6,X,18.1,13.9,16.2,17,373
873,2014,PORSCHE,911 CARRERA 4S CABRIOLET,MINICOMPACT,3.8,6,AM7,Z,12.7,9.0,11.0,26,253
971,2014,TOYOTA,CAMRY HYBRID XLE/SE,MID-SIZE,2.5,4,AV,X,5.8,6.2,6.0,47,138
271,2014,CHEVROLET,TRAX,SUV - SMALL,1.4,4,AS6,X,9.4,7.1,8.4,34,193
548,2014,JAGUAR,F-TYPE S CONVERTIBLE,TWO-SEATER,3.0,6,AS8,Z,12.2,8.7,10.6,27,244
313,2014,DODGE,CHARGER SRT (MDS),FULL-SIZE,6.4,8,A5,Z,16.7,10.3,13.8,20,317
533,2014,INFINITI,Q60 COUPE,SUBCOMPACT,3.7,6,AS7,Z,12.9,8.9,11.1,25,255
284,2014,CHRYSLER,300 AWD,FULL-SIZE,3.6,6,A8,X,12.8,8.6,10.9,26,251
129,2014,BMW,X3 xDRIVE35i,SUV - SMALL,3.0,6,A8,Z,12.6,9.1,11.0,26,253
395,2014,FORD,FIESTA SFE,SUBCOMPACT,1.6,4,AS6,X,8.0,5.8,7.0,40,161
326,2014,DODGE,GRAND CARAVAN FFV,MINIVAN,3.6,6,A6,X,13.7,9.4,11.8,24,271
721,2014,MERCEDES-BENZ,B 250,STATION WAGON - SMALL,2.0,4,AS7,Z,9.2,6.6,8.0,35,184
698,2014,MAZDA,CX-5 4WD,SUV - SMALL,2.5,4,AS6,X,9.8,7.9,8.9,32,205
990,2014,TOYOTA,RAV4,SUV - SMALL,2.5,4,AS6,X,10.0,7.6,8.9,32,205
40,2014,AUDI,Q5 HYBRID,SUV - SMALL,2.0,4,AS8,Z,9.9,8.3,9.2,31,212
306,2014,DODGE,CHARGER AWD (MDS),FULL-SIZE,5.7,8,A5,X,16.1,10.0,13.4,21,308
373,2014,FORD,F150 4X4,PICKUP TRUCK - STANDARD,3.5,6,AS6,X,15.4,11.0,13.4,21,308
643,2014,LAND ROVER,RANGE ROVER SPORT V6 3.0 SC,SUV - STANDARD,3.0,6,AS8,Z,14.2,10.2,12.4,23,285
978,2014,TOYOTA,COROLLA MATRIX,STATION WAGON - SMALL,1.8,4,A4,X,9.4,7.5,8.5,33,196
272,2014,CHEVROLET,TRAX,SUV - SMALL,1.4,4,M6,X,9.1,6.8,8.1,35,186
8,2014,ACURA,TL AWD,MID-SIZE,3.7,6,M6,Z,13.4,9.5,11.6,24,267
654,2014,LAND ROVER,RANGE ROVER V8 5.0 SC FFV,SUV - STANDARD,5.0,8,AS8,E,25.0,16.9,21.4,13,342
591,2014,JEEP,PATRIOT,SUV - SMALL,2.4,4,A6,X,11.1,8.3,9.8,29,225
397,2014,FORD,FLEX,SUV - STANDARD,3.5,6,AS6,X,13.2,9.4,11.5,25,264
1018,2014,VOLKSWAGEN,BEETLE,COMPACT,2.5,5,A6,X,10.9,8.4,9.8,29,225
716,2014,MAZDA,MAZDA6,MID-SIZE,2.5,4,M6,X,9.4,6.4,8.1,35,186
844,2014,NISSAN,GT-R,SUBCOMPACT,3.8,6,AM6,Z,14.5,10.9,12.9,22,297
532,2014,INFINITI,Q60 CONVERTIBLE,SUBCOMPACT,3.7,6,M6,Z,14.3,9.8,12.3,23,283
573,2014,JEEP,CHEROKEE 4X4 Active Drive II,SUV - SMALL,2.4,4,A9,X,11.4,8.6,10.1,28,232
673,2014,LEXUS,LX 570,SUV - STANDARD,5.7,8,AS6,Z,18.8,13.6,16.5,17,380
832,2014,NISSAN,370Z,TWO-SEATER,3.7,6,AS7,Z,12.6,9.1,11.0,26,253
491,2014,HONDA,CROSSTOUR AWD,SUV - SMALL,3.5,6,A6,X,12.5,8.5,10.7,26,246
79,2014,BMW,328d xDRIVE,COMPACT,2.0,4,A8,D,7.6,5.5,6.7,42,181
1058,2014,VOLVO,S60 AWD,COMPACT,3.0,6,AS6,X,13.2,9.5,11.5,25,264
342,2014,FORD,C-MAX HYBRID,FULL-SIZE,2.0,4,AV,X,5.6,6.4,6.0,47,138
1046,2014,VOLKSWAGEN,PASSAT,MID-SIZE,2.5,5,M5,X,11.4,7.8,9.8,29,225
49,2014,AUDI,R8 SPYDER,TWO-SEATER,4.2,8,M6,Z,21.2,13.4,17.7,16,407
250,2014,CHEVROLET,SONIC,COMPACT,1.8,4,M5,X,8.9,6.7,7.9,36,182
20,2014,AUDI,A4 QUATTRO,COMPACT,2.0,4,AS8,Z,11.5,8.1,10.0,28,230
636,2014,LAND ROVER,LR2,SUV - SMALL,2.0,4,AS6,Z,13.5,9.9,11.9,24,274
135,2014,BMW,Z4 sDRIVE28i,TWO-SEATER,2.0,4,A8,Z,10.8,7.1,9.1,31,209
536,2014,INFINITI,Q70,MID-SIZE,5.6,8,AS7,Z,14.5,9.5,12.3,23,283
943,2014,SUBARU,BRZ,MINICOMPACT,2.0,4,M6,Z,11.0,7.9,9.6,29,221
979,2014,TOYOTA,COROLLA MATRIX,STATION WAGON - SMALL,1.8,4,M5,X,8.9,7.3,8.2,34,189
749,2014,MERCEDES-BENZ,E 550 COUPE,SUBCOMPACT,4.7,8,AS7,Z,13.4,8.9,11.4,25,262
382,2014,FORD,F150 FFV,PICKUP TRUCK - STANDARD,5.0,8,AS6,E,22.1,16.7,19.7,14,315
25,2014,AUDI,A6 QUATTRO,MID-SIZE,2.0,4,AS8,Z,12.0,8.1,10.2,28,235
47,2014,AUDI,R8,TWO-SEATER,5.2,10,M6,Z,21.1,13.8,17.8,16,409
803,2014,MINI,COOPER S ROADSTER,TWO-SEATER,1.6,4,M6,Z,9.1,6.7,8.0,35,184
174,2014,CADILLAC,CTS-V COUPE,MID-SIZE,6.2,8,M6,Z,16.7,12.5,14.8,19,340
29,2014,AUDI,A7 QUATTRO TDI CLEAN DIESEL,MID-SIZE,3.0,6,AS8,D,9.8,6.4,8.3,34,224
153,2014,BUICK,VERANO,COMPACT,2.0,4,AS6,Z,11.5,7.9,9.9,29,228
578,2014,JEEP,COMPASS,SUV - SMALL,2.0,4,M5,X,10.2,7.8,9.1,31,209
610,2014,KIA,FORTE KOUP,COMPACT,1.6,4,M6,X,10.8,8.1,9.6,29,221
1063,2014,VOLVO,XC60 AWD,SUV - SMALL,3.2,6,AS6,X,13.2,9.5,11.5,25,264
161,2014,CADILLAC,ATS AWD,COMPACT,3.6,6,AS6,X,13.1,9.0,11.3,25,260
244,2014,CHEVROLET,SILVERADO 4WD,PICKUP TRUCK - STANDARD,5.3,8,A6,X,14.9,10.6,13.0,22,299
937,2014,SCION,xD,SUBCOMPACT,1.8,4,M5,X,8.6,7.1,7.9,36,182
158,2014,CADILLAC,ATS,COMPACT,2.5,4,AS6,X,10.5,7.2,9.0,31,207
530,2014,INFINITI,Q60 AWD COUPE,SUBCOMPACT,3.7,6,AS7,Z,13.3,9.4,11.5,25,265
501,2014,HONDA,RIDGELINE AWD,PICKUP TRUCK - STANDARD,3.5,6,A5,X,15.2,11.3,13.4,21,308
432,2014,GMC,ACADIA,SUV - STANDARD,3.6,6,A6,X,14.3,9.9,12.3,23,283
766,2014,MERCEDES-BENZ,ML 63 AMG 4MATIC,SUV - STANDARD,5.5,8,AS7,Z,17.2,13.5,15.5,18,356
911,2014,RAM,1500 4X4 (MDS),PICKUP TRUCK - STANDARD,5.7,8,A6,X,17.6,12.7,15.4,18,354
826,2014,MITSUBISHI,OUTLANDER,SUV - SMALL,2.4,4,AV6,X,9.5,7.5,8.6,33,198
366,2014,FORD,EXPLORER FFV,SUV - STANDARD,3.5,6,AS6,E,18.3,12.9,15.9,18,254
955,2014,SUBARU,LEGACY AWD,MID-SIZE,2.5,4,AV,X,9.7,7.3,8.6,33,198
54,2014,AUDI,RS7,MID-SIZE,4.0,8,AS8,Z,15.3,9.3,12.6,22,290
584,2014,JEEP,GRAND CHEROKEE 4X4 (MDS),SUV - STANDARD,5.7,8,A8,X,17.3,11.7,14.8,19,340
842,2014,NISSAN,FRONTIER 4WD,PICKUP TRUCK - SMALL,4.0,6,A5,X,15.7,11.2,13.7,21,315
24,2014,AUDI,A5 QUATTRO,SUBCOMPACT,2.0,4,M6,Z,10.8,7.5,9.3,30,214
298,2014,DODGE,CHALLENGER,MID-SIZE,5.7,8,M6,X,15.6,10.0,13.1,22,301
556,2014,JAGUAR,XJ SUPERCHARGED,FULL-SIZE,5.0,8,AS8,Z,15.8,10.2,13.3,21,306
575,2014,JEEP,CHEROKEE TRAILHAWK 4X4,SUV - SMALL,2.4,4,A9,X,12.1,9.4,10.9,26,251
18,2014,ASTON MARTIN,VANQUISH,MINICOMPACT,5.9,12,A6,Z,18.0,12.6,15.6,18,359
774,2014,MERCEDES-BENZ,SLK 250,TWO-SEATER,1.8,4,M6,Z,10.4,7.3,9.0,31,207
254,2014,CHEVROLET,SONIC 5,MID-SIZE,1.8,4,M5,X,8.9,6.7,7.9,36,182
225,2014,CHEVROLET,EXPRESS 2500 PASSENGER,VAN - PASSENGER,6.0,8,A6,E,30.0,20.4,25.7,11,411
419,2014,FORD,MUSTANG,SUBCOMPACT,5.0,8,M6,X,15.4,9.4,12.7,22,292
898,2014,PORSCHE,CAYMAN,TWO-SEATER,2.7,6,M6,Z,11.5,7.9,9.9,29,228
813,2014,MINI,JOHN COOPER WORKS PACEMAN ALL4,COMPACT,1.6,4,M6,Z,9.3,7.5,8.5,33,196
222,2014,CHEVROLET,EXPRESS 1500 PASSENGER AWD,VAN - PASSENGER,5.3,8,A4,E,25.3,19.3,22.6,12,362
867,2014,PORSCHE,911 CARRERA 4,MINICOMPACT,3.4,6,AM7,Z,11.8,8.5,10.3,27,237
424,2014,FORD,TAURUS FFV,FULL-SIZE,3.5,6,AS6,X,12.1,8.1,10.3,27,237
218,2014,CHEVROLET,EXPRESS 1500 CARGO CONV AWD,VAN - CARGO,5.3,8,A4,E,25.3,19.3,22.6,12,362
885,2014,PORSCHE,911 TURBO S CABRIOLET,MINICOMPACT,3.8,6,AM7,Z,13.7,9.6,11.9,24,274
985,2014,TOYOTA,HIGHLANDER HYBRID AWD,SUV - STANDARD,3.5,6,AV6,X,8.0,8.6,8.3,34,191
171,2014,CADILLAC,CTS SPORT WAGON AWD,STATION WAGON - SMALL,3.0,6,AS6,X,12.8,9.1,11.1,25,255
442,2014,GMC,SAVANA 1500 CARGO CONV AWD,VAN - CARGO,5.3,8,A4,E,25.3,19.3,22.6,12,362
686,2014,LINCOLN,NAVIGATOR 4X4 FFV,SUV - STANDARD,5.4,8,A6,X,18.2,13.3,16.0,18,368
286,2014,CHRYSLER,300 AWD FFV,FULL-SIZE,3.6,6,A8,X,12.8,8.6,10.9,26,251
66,2014,AUDI,TTS COUPE QUATTRO,SUBCOMPACT,2.0,4,A6,Z,11.5,8.8,10.3,27,237
453,2014,GMC,SIERRA,PICKUP TRUCK - STANDARD,4.3,6,A6,X,13.4,9.9,11.8,24,271
1029,2014,VOLKSWAGEN,EOS,SUBCOMPACT,2.0,4,A6,Z,10.9,8.0,9.6,29,221
71,2014,BENTLEY,CONTINENTAL GT SPEED CONVERTIBLE,SUBCOMPACT,6.0,12,AS8,Z,20.0,12.2,16.5,17,380
837,2014,NISSAN,ALTIMA,MID-SIZE,3.5,6,AV,X,10.8,7.4,9.3,30,214
412,2014,FORD,FUSION,MID-SIZE,2.5,4,AS6,X,10.5,7.0,8.9,32,205
82,2014,BMW,328i,COMPACT,2.0,4,M6,Z,10.4,6.7,8.7,32,200
1034,2014,VOLKSWAGEN,JETTA,COMPACT,1.8,4,A6,X,9.5,6.7,8.2,34,189
913,2014,RAM,1500 4X4 DIESEL,PICKUP TRUCK - STANDARD,3.0,6,A8,D,12.1,8.8,10.6,27,286
15,2014,ASTON MARTIN,V8 VANTAGE,TWO-SEATER,4.7,8,M6,Z,18.1,12.2,15.4,18,354
809,2014,MINI,JOHN COOPER WORKS COUNTRYMAN ALL4,COMPACT,1.6,4,M6,Z,9.3,7.5,8.5,33,196
535,2014,INFINITI,Q70,MID-SIZE,3.7,6,AS7,Z,12.8,8.9,11.0,26,253
635,2014,LAMBORGHINI,GALLARDO COUPE,TWO-SEATER,5.2,10,M6,Z,20.6,13.5,17.4,16,400
451,2014,GMC,SAVANA 3500 PASSENGER,VAN - PASSENGER,6.0,8,A6,X,22.1,15.0,18.9,15,435
633,2014,LAMBORGHINI,AVENTADOR COUPE,TWO-SEATER,6.5,12,A7,Z,22.8,12.9,18.3,15,421
404,2014,FORD,FOCUS FFV,COMPACT,2.0,4,AS6,E,11.7,8.5,10.3,27,165
490,2014,HONDA,CIVIC,COMPACT,1.8,4,M5,X,8.5,6.6,7.6,37,175
888,2014,PORSCHE,BOXSTER S,TWO-SEATER,3.4,6,AM7,Z,11.3,7.9,9.8,29,225
831,2014,MITSUBISHI,RVR 4WD,SUV - SMALL,2.0,4,AV6,X,9.8,8.0,9.0,31,207
364,2014,FORD,EXPLORER AWD,SUV - STANDARD,3.5,6,AS6,X,14.8,10.7,13.0,22,299
459,2014,GMC,SIERRA 4WD,PICKUP TRUCK - STANDARD,4.3,6,A6,E,20.0,15.1,17.8,16,285
104,2014,BMW,550i xDRIVE GRAN TURISMO,FULL-SIZE,4.4,8,A8,Z,15.0,9.8,12.7,22,292
268,2014,CHEVROLET,TAHOE 4WD,SUV - STANDARD,5.3,8,A6,E,21.5,14.6,18.4,15,294
868,2014,PORSCHE,911 CARRERA 4,MINICOMPACT,3.4,6,M7,Z,12.4,8.6,10.7,26,246
950,2014,SUBARU,IMPREZA AWD,COMPACT,2.5,4,M6,Z,14.2,10.4,12.5,23,288
747,2014,MERCEDES-BENZ,E 550 4MATIC,MID-SIZE,4.7,8,AS7,Z,13.6,9.1,11.6,24,267
241,2014,CHEVROLET,SILVERADO,PICKUP TRUCK - STANDARD,6.2,8,A6,Z,16.3,11.4,14.1,20,324
430,2014,FORD,TRANSIT CONNECT TAXI,SPECIAL PURPOSE VEHICLE,1.6,4,AS6,X,11.5,8.3,10.1,28,232
752,2014,MERCEDES-BENZ,E 63 AMG S 4MATIC,MID-SIZE,5.5,8,AS7,Z,15.0,10.3,12.9,22,297
203,2014,CHEVROLET,CRUZE ECO,MID-SIZE,1.4,4,M6,X,8.4,5.6,7.1,40,163
1030,2014,VOLKSWAGEN,GOLF WAGON,STATION WAGON - SMALL,2.5,5,A6,X,11.0,7.7,9.5,30,218
595,2014,JEEP,PATRIOT 4X4 TRAIL RATED,SUV - SMALL,2.4,4,AV,X,11.7,10.3,11.1,25,255
630,2014,KIA,SPORTAGE,SUV - SMALL,2.4,4,M6,X,12.9,9.3,11.3,25,260
96,2014,BMW,435i xDRIVE COUPE,COMPACT,3.0,6,A8,Z,11.7,7.8,9.9,29,228
467,2014,GMC,TERRAIN AWD,SUV - SMALL,3.6,6,A6,X,14.8,9.9,12.6,22,290
677,2014,LINCOLN,MKS AWD,FULL-SIZE,3.5,6,AS6,X,13.7,9.4,11.8,24,271
492,2014,HONDA,CR-V,SUV - SMALL,2.4,4,A5,X,10.3,7.6,9.1,31,209
166,2014,CADILLAC,CTS SEDAN AWD,MID-SIZE,2.0,4,AS6,Z,12.6,8.5,10.8,26,248
708,2014,MAZDA,MAZDA3 5-DOOR,MID-SIZE,2.0,4,AS6,X,8.0,5.9,7.1,40,163
915,2014,RAM,1500 4X4 FFV,PICKUP TRUCK - STANDARD,3.6,6,A8,E,20.5,14.5,17.8,16,285
942,2014,SUBARU,BRZ,MINICOMPACT,2.0,4,AS6,Z,9.6,7.1,8.5,33,196
315,2014,DODGE,DART,MID-SIZE,2.4,4,A6,X,10.1,6.8,8.6,33,198
361,2014,FORD,EXPEDITION 4X4 FFV,SUV - STANDARD,5.4,8,A6,X,18.2,13.3,16.0,18,368
138,2014,BMW,Z4 sDRIVE35i,TWO-SEATER,3.0,6,M6,Z,12.7,9.0,11.0,26,253
276,2014,CHRYSLER,200 CONVERTIBLE,COMPACT,2.4,4,A6,X,12.9,8.1,10.7,26,246
384,2014,FORD,F150 FFV 4X4,PICKUP TRUCK - STANDARD,3.7,6,A6,E,20.2,15.3,18.0,16,288
568,2014,JAGUAR,XKR-S COUPE,MINICOMPACT,5.0,8,AS6,Z,15.6,10.9,13.5,21,310
882,2014,PORSCHE,911 TURBO,MINICOMPACT,3.8,6,AM7,Z,13.7,9.6,11.9,24,274
88,2014,BMW,335i xDRIVE,COMPACT,3.0,6,A8,Z,11.7,7.8,9.9,29,228
884,2014,PORSCHE,911 TURBO S,MINICOMPACT,3.8,6,AM7,Z,13.7,9.6,11.9,24,274
280,2014,CHRYSLER,200 SEDAN,MID-SIZE,2.4,4,A6,X,12.0,7.6,10.0,28,230
651,2014,LAND ROVER,RANGE ROVER V6 3.0 SC FFV,SUV - STANDARD,3.0,6,AS8,E,19.4,14.8,17.3,16,277
460,2014,GMC,SIERRA 4WD,PICKUP TRUCK - STANDARD,5.3,8,A6,X,14.9,10.6,13.0,22,299
924,2014,ROLLS-ROYCE,PHANTOM,FULL-SIZE,6.7,12,A8,Z,20.7,12.8,17.1,17,393
966,2014,TOYOTA,4RUNNER 4WD,SUV - STANDARD,4.0,6,AS5,X,14.3,11.1,12.9,22,297
995,2014,TOYOTA,SIENNA AWD,MINIVAN,3.5,6,AS6,X,14.2,10.3,12.4,23,285
202,2014,CHEVROLET,CRUZE ECO,MID-SIZE,1.4,4,A6,X,9.1,6.0,7.7,37,177
402,2014,FORD,FOCUS FFV,COMPACT,2.0,4,A6,E,11.7,8.5,10.3,27,165
340,2014,FIAT,500L TURBO,STATION WAGON - SMALL,1.4,4,AM6,X,10.0,7.2,8.7,32,200
365,2014,FORD,EXPLORER FFV,SUV - STANDARD,3.5,6,AS6,X,13.7,9.7,11.9,24,274
23,2014,AUDI,A5 QUATTRO,SUBCOMPACT,2.0,4,AS8,Z,11.5,8.1,10.0,28,230
345,2014,FORD,E150 VAN FFV,VAN - CARGO,5.4,8,A4,X,19.3,14.7,17.2,16,396
1031,2014,VOLKSWAGEN,GOLF WAGON,STATION WAGON - SMALL,2.5,5,M5,X,11.2,7.3,9.4,30,216
334,2014,FIAT,500 CABRIO,MINICOMPACT,1.4,4,A6,X,8.7,6.9,7.9,36,182
310,2014,DODGE,CHARGER FFV,FULL-SIZE,3.6,6,A5,E,18.3,12.6,15.7,18,251
1000,2014,TOYOTA,TACOMA 4WD,PICKUP TRUCK - SMALL,2.7,4,M5,X,12.8,10.6,11.8,24,271
640,2014,LAND ROVER,RANGE ROVER LWB V8 5.0 SC,SUV - STANDARD,5.0,8,AS8,Z,18.0,12.2,15.4,18,354
353,2014,FORD,EDGE,SUV - SMALL,3.5,6,AS6,X,12.6,8.7,10.8,26,248
1041,2014,VOLKSWAGEN,JETTA TDI CLEAN DIESEL,COMPACT,2.0,4,M6,D,7.9,5.6,6.9,41,186
240,2014,CHEVROLET,SILVERADO,PICKUP TRUCK - STANDARD,5.3,8,A6,E,19.5,13.7,16.9,17,270
666,2014,LEXUS,IS 350 AWD,COMPACT,3.5,6,AS6,Z,12.5,9.1,11.0,26,253
318,2014,DODGE,DART FFV,MID-SIZE,2.0,4,A6,E,14.2,9.8,12.2,23,195
819,2014,MITSUBISHI,LANCER EVOLUTION,COMPACT,2.0,4,AM6,Z,14.2,10.5,12.5,23,288
262,2014,CHEVROLET,SUBURBAN,SUV - STANDARD,5.3,8,A6,E,21.5,14.6,18.4,15,294
98,2014,BMW,528i,MID-SIZE,2.0,4,A8,Z,10.2,7.0,8.8,32,202
986,2014,TOYOTA,HIGHLANDER HYBRID AWD LE,SUV - STANDARD,3.5,6,AV6,X,7.9,8.6,8.2,34,189
992,2014,TOYOTA,RAV4 LIMITED AWD,SUV - SMALL,2.5,4,AS6,X,10.6,8.2,9.5,30,218
964,2014,SUBARU,XV CROSSTREK HYBRID AWD,SUV - SMALL,2.0,4,AV,X,8.1,7.2,7.7,37,177
89,2014,BMW,335i xDRIVE,COMPACT,3.0,6,M6,Z,11.9,8.3,10.3,27,237
515,2014,HYUNDAI,SONATA HYBRID,MID-SIZE,2.4,4,AS6,X,6.5,5.9,6.2,46,143
331,2014,DODGE,JOURNEY FFV,SUV - SMALL,3.6,6,A6,E,18.9,12.9,16.2,17,259
755,2014,MERCEDES-BENZ,G 63 AMG,SUV - STANDARD,5.5,8,AS7,Z,19.4,15.7,17.7,16,407
433,2014,GMC,ACADIA AWD,SUV - STANDARD,3.6,6,A6,X,14.9,10.4,12.9,22,297
1015,2014,VOLKSWAGEN,BEETLE,COMPACT,1.8,4,M5,X,9.9,7.2,8.7,32,200
807,2014,MINI,JOHN COOPER WORKS CONVERTIBLE,MINICOMPACT,1.6,4,M6,Z,9.1,6.7,8.0,35,184
486,2014,HONDA,ACCORD,MID-SIZE,3.5,6,M6,X,13.0,8.4,10.9,26,251
658,2014,LEXUS,GS 350,MID-SIZE,3.5,6,AS8,Z,12.1,8.3,10.4,27,239
710,2014,MAZDA,MAZDA3 5-DOOR,MID-SIZE,2.5,4,AS6,X,8.7,6.5,7.7,37,177
928,2014,ROLLS-ROYCE,WRAITH,MID-SIZE,6.6,12,A8,Z,18.7,11.8,15.6,18,359
835,2014,NISSAN,370Z ROADSTER,TWO-SEATER,3.7,6,M6,Z,13.5,9.6,11.7,24,269
260,2014,CHEVROLET,SPARK,SUBCOMPACT,1.2,4,M5,X,7.6,6.0,6.9,41,159
305,2014,DODGE,CHARGER AWD,FULL-SIZE,3.6,6,A8,X,12.8,8.6,10.9,26,251
987,2014,TOYOTA,PRIUS,MID-SIZE,1.8,4,AV,X,4.7,4.9,4.8,59,110
196,2014,CHEVROLET,CORVETTE,TWO-SEATER,6.2,8,M7,Z,13.7,8.2,11.2,25,258
140,2014,BUICK,ENCLAVE,SUV - STANDARD,3.6,6,A6,X,14.3,9.9,12.3,23,283
594,2014,JEEP,PATRIOT 4X4,SUV - SMALL,2.4,4,M5,X,10.3,8.4,9.4,30,216
122,2014,BMW,M6 CABRIOLET,SUBCOMPACT,4.4,8,AM7,Z,17.3,11.5,14.7,19,338
494,2014,HONDA,CR-Z,TWO-SEATER,1.5,4,AV7,X,6.6,6.0,6.3,45,145
110,2014,BMW,750i xDRIVE,FULL-SIZE,4.4,8,A8,Z,15.0,9.8,12.7,22,292
84,2014,BMW,328i xDRIVE GRAN TURISMO,FULL-SIZE,2.0,4,A8,Z,10.6,7.2,9.1,31,209
802,2014,MINI,COOPER S ROADSTER,TWO-SEATER,1.6,4,A6,Z,9.3,7.0,8.3,34,191
513,2014,HYUNDAI,SONATA,FULL-SIZE,2.0,4,A6,X,11.4,7.5,9.6,29,221
691,2014,MASERATI,GRANTURISMO CONVERTIBLE,SUBCOMPACT,4.7,8,AS6,Z,18.2,11.7,15.3,18,352
482,2014,HONDA,ACCORD,MID-SIZE,2.4,4,AV7,X,9.1,6.9,8.1,35,186
771,2014,MERCEDES-BENZ,SL 63 AMG,TWO-SEATER,5.5,8,AS7,Z,14.8,10.2,12.7,22,292
611,2014,KIA,FORTE KOUP,COMPACT,2.0,4,A6,X,9.6,7.0,8.4,34,193
74,2014,BENTLEY,FLYING SPUR,MID-SIZE,6.0,12,AS8,Z,20.0,12.2,16.5,17,380
1043,2014,VOLKSWAGEN,PASSAT,MID-SIZE,1.8,4,A6,X,9.9,6.9,8.6,33,198
812,2014,MINI,JOHN COOPER WORKS PACEMAN ALL4,COMPACT,1.6,4,A6,Z,10.0,7.8,9.0,31,207
273,2014,CHEVROLET,TRAX AWD,SUV - SMALL,1.4,4,AS6,X,10.0,7.8,9.0,31,207
396,2014,FORD,FIESTA ST,COMPACT,1.6,4,M6,X,8.9,6.8,8.0,35,184
154,2014,BUICK,VERANO,COMPACT,2.0,4,M6,Z,11.6,7.5,9.8,29,225
191,2014,CHEVROLET,CAMARO SS,COMPACT,6.2,8,AS6,Z,15.3,9.8,12.8,22,294
1059,2014,VOLVO,S80,MID-SIZE,3.2,6,AS6,X,11.9,8.1,10.2,28,235
187,2014,CADILLAC,XTS Vsport AWD,FULL-SIZE,3.6,6,AS6,Z,14.8,9.8,12.6,22,290
50,2014,AUDI,R8 SPYDER,TWO-SEATER,5.2,10,A7,Z,18.8,11.3,15.4,18,354
38,2014,AUDI,Q5,SUV - SMALL,2.0,4,AS8,Z,12.0,8.5,10.4,27,239
418,2014,FORD,MUSTANG,SUBCOMPACT,5.0,8,A6,X,13.3,9.3,11.5,25,264
976,2014,TOYOTA,COROLLA LE ECO (1-mode),MID-SIZE,1.8,4,AV,X,7.7,5.6,6.8,42,156
208,2014,CHEVROLET,EQUINOX AWD,SUV - SMALL,3.6,6,A6,X,14.8,9.9,12.6,22,290
375,2014,FORD,F150 FFV,PICKUP TRUCK - STANDARD,3.7,6,A6,X,14.0,10.3,12.3,23,283
463,2014,GMC,TERRAIN,SUV - SMALL,2.4,4,A6,X,10.5,7.3,9.1,31,209
470,2014,GMC,YUKON,SUV - STANDARD,5.3,8,A6,E,21.5,14.6,18.4,15,294
517,2014,HYUNDAI,TUCSON,SUV - SMALL,2.0,4,A6,X,10.2,8.2,9.3,30,214
75,2014,BENTLEY,MULSANNE,MID-SIZE,6.8,8,AS8,Z,22.3,14.9,19.0,15,437
248,2014,CHEVROLET,SONIC,COMPACT,1.4,4,M6,X,8.5,6.2,7.5,38,173
559,2014,JAGUAR,XJL SUPERCHARGED,FULL-SIZE,5.0,8,AS8,Z,15.8,10.2,13.3,21,306
302,2014,DODGE,CHARGER,FULL-SIZE,3.6,6,A5,X,13.2,8.7,11.2,25,258
582,2014,JEEP,COMPASS 4X4,SUV - SMALL,2.4,4,M5,X,10.3,8.4,9.4,30,216
823,2014,MITSUBISHI,LANCER SPORTBACK,STATION WAGON - SMALL,2.0,4,M5,X,9.8,7.1,8.6,33,198
335,2014,FIAT,500 CABRIO,MINICOMPACT,1.4,4,M5,X,7.9,6.3,7.2,39,166
737,2014,MERCEDES-BENZ,CLS 63 AMG 4MATIC,COMPACT,5.5,8,AS7,Z,15.1,10.7,13.1,22,301
11,2014,ACURA,TSX,COMPACT,3.5,6,AS5,Z,12.1,8.3,10.4,27,239
1053,2014,VOLKSWAGEN,TIGUAN 4MOTION,SUV - SMALL,2.0,4,A6,Z,11.7,9.4,10.7,26,246
485,2014,HONDA,ACCORD,MID-SIZE,3.5,6,AS6,X,11.4,7.3,9.6,29,221
462,2014,GMC,SIERRA 4WD,PICKUP TRUCK - STANDARD,6.2,8,A6,Z,16.4,11.7,14.3,20,329
538,2014,INFINITI,Q70 AWD,MID-SIZE,5.6,8,AS7,Z,15.0,10.2,12.8,22,294
627,2014,KIA,SOUL,STATION WAGON - SMALL,2.0,4,A6,X,10.1,7.8,9.1,31,209
281,2014,CHRYSLER,200 SEDAN FFV,MID-SIZE,3.6,6,A6,X,12.5,8.1,10.5,27,242
253,2014,CHEVROLET,SONIC 5,MID-SIZE,1.8,4,AS6,X,9.6,6.6,8.3,34,191
707,2014,MAZDA,MAZDA3 4-DOOR (SIL),COMPACT,2.0,4,M6,X,8.0,5.8,7.0,40,161
1057,2014,VOLVO,S60 AWD,COMPACT,2.5,5,AS6,X,11.6,8.3,10.1,28,232
796,2014,MINI,COOPER S COUNTRYMAN ALL4,COMPACT,1.6,4,A6,Z,10.0,7.8,9.0,31,207
1013,2014,TOYOTA,YARIS,COMPACT,1.5,4,M5,X,7.8,6.3,7.1,40,163
577,2014,JEEP,COMPASS,SUV - SMALL,2.0,4,A6,X,11.1,8.3,9.8,29,225
1020,2014,VOLKSWAGEN,BEETLE CONVERTIBLE,SUBCOMPACT,1.8,4,A6,X,9.8,7.3,8.7,32,200
219,2014,CHEVROLET,EXPRESS 1500 PASSENGER,VAN - PASSENGER,5.3,8,A4,X,18.6,13.9,16.5,17,380
425,2014,FORD,TAURUS FFV,FULL-SIZE,3.5,6,AS6,E,17.0,11.1,14.3,20,229
369,2014,FORD,F150,PICKUP TRUCK - STANDARD,3.5,6,A6,X,14.5,10.6,12.7,22,292
769,2014,MERCEDES-BENZ,S 63 AMG 4MATIC,FULL-SIZE,5.5,8,AS7,Z,15.6,10.3,13.2,21,304
69,2014,BENTLEY,CONTINENTAL GT,SUBCOMPACT,6.0,12,AS8,Z,18.8,11.5,15.5,18,356
1056,2014,VOLVO,S60,COMPACT,2.5,5,AS6,X,11.3,7.8,9.7,29,223
580,2014,JEEP,COMPASS,SUV - SMALL,2.4,4,M5,X,10.3,8.3,9.4,30,216
21,2014,AUDI,A4 QUATTRO,COMPACT,2.0,4,M6,Z,10.8,7.5,9.3,30,214
77,2014,BMW,320i,COMPACT,2.0,4,M6,Z,10.4,6.7,8.7,32,200
547,2014,JAGUAR,F-TYPE CONVERTIBLE,TWO-SEATER,3.0,6,AS8,Z,11.8,8.4,10.3,27,237
1064,2014,VOLVO,XC70 AWD,SUV - SMALL,3.0,6,AS6,X,13.4,9.8,11.8,24,271
748,2014,MERCEDES-BENZ,E 550 CABRIOLET,SUBCOMPACT,4.7,8,AS7,Z,13.7,9.3,11.7,24,269
405,2014,FORD,FOCUS FFV,COMPACT,2.0,4,M5,X,9.1,6.6,8.0,35,184
892,2014,PORSCHE,CAYENNE DIESEL,SUV - STANDARD,3.0,6,A8,D,12.2,8.1,10.4,27,281
125,2014,BMW,M6 GRAN COUPE,COMPACT,4.4,8,M6,Z,16.2,10.9,13.8,20,317
228,2014,CHEVROLET,EXPRESS 3500 PASSENGER,VAN - PASSENGER,6.0,8,A6,E,30.2,20.5,25.8,11,413
757,2014,MERCEDES-BENZ,GL 450 4MATIC,SUV - STANDARD,4.7,8,AS7,Z,17.1,12.8,15.2,19,350
42,2014,AUDI,Q7,SUV - STANDARD,3.0,6,AS8,Z,15.1,10.9,13.2,21,304
516,2014,HYUNDAI,SONATA HYBRID LIMITED,MID-SIZE,2.4,4,AS6,X,6.6,5.9,6.3,45,145
572,2014,JEEP,CHEROKEE 4X4,SUV - SMALL,3.2,6,A9,X,12.5,8.8,10.8,26,248
576,2014,JEEP,CHEROKEE TRAILHAWK 4X4,SUV - SMALL,3.2,6,A9,X,13.4,9.5,11.6,24,267
907,2014,PORSCHE,PANAMERA TURBO,FULL-SIZE,4.8,8,AM7,Z,15.3,9.7,12.8,22,294
621,2014,KIA,SORENTO,SUV - SMALL,2.4,4,A6,X,11.8,8.5,10.3,27,237
767,2014,MERCEDES-BENZ,S 550 4MATIC LWB,FULL-SIZE,4.7,8,AS7,Z,14.3,9.5,12.1,23,278
743,2014,MERCEDES-BENZ,E 350 4MATIC WAGON,STATION WAGON - MID-SIZE,3.5,6,AS7,Z,12.1,8.6,10.5,27,242
374,2014,FORD,F150 4X4,PICKUP TRUCK - STANDARD,6.2,8,AS6,X,20.1,14.4,17.5,16,402
205,2014,CHEVROLET,EQUINOX,SUV - SMALL,3.6,6,A6,X,13.9,9.6,12.0,24,276
316,2014,DODGE,DART,MID-SIZE,2.4,4,M6,X,10.5,6.7,8.8,32,202
1061,2014,VOLVO,XC60,SUV - SMALL,3.2,6,AS6,X,13.0,8.9,11.2,25,258
6,2014,ACURA,TL,MID-SIZE,3.5,6,AS6,Z,11.8,8.1,10.1,28,232
493,2014,HONDA,CR-V AWD,SUV - SMALL,2.4,4,A5,X,10.6,7.9,9.4,30,216
792,2014,MINI,COOPER S CLUBMAN,SUBCOMPACT,1.6,4,A6,Z,9.3,7.0,8.3,34,191
500,2014,HONDA,PILOT AWD,SUV - SMALL,3.5,6,A5,X,13.9,9.7,12.0,24,276
855,2014,NISSAN,ROGUE,SUV - SMALL,2.5,4,AV,X,9.2,7.2,8.3,34,191
820,2014,MITSUBISHI,LANCER EVOLUTION,COMPACT,2.0,4,M5,Z,14.0,10.3,12.3,23,283
259,2014,CHEVROLET,SPARK,SUBCOMPACT,1.2,4,AV,X,7.7,6.0,6.9,41,159
282,2014,CHRYSLER,200 SEDAN FFV,MID-SIZE,3.6,6,A6,E,17.0,11.2,14.4,20,230
634,2014,LAMBORGHINI,GALLARDO COUPE,TWO-SEATER,5.2,10,A6,Z,18.0,12.8,15.7,18,361
590,2014,JEEP,PATRIOT,SUV - SMALL,2.0,4,M5,X,10.2,7.8,9.1,31,209
982,2014,TOYOTA,HIGHLANDER,SUV - SMALL,2.7,4,AS6,X,11.7,8.6,10.3,27,237
474,2014,GMC,YUKON DENALI AWD,SUV - STANDARD,6.2,8,A6,E,23.3,16.1,20.1,14,322
455,2014,GMC,SIERRA,PICKUP TRUCK - STANDARD,5.3,8,A6,X,14.6,10.3,12.7,22,292
320,2014,DODGE,DART GT,MID-SIZE,2.4,4,M6,X,10.2,7.0,8.8,32,202
953,2014,SUBARU,IMPREZA WAGON AWD,STATION WAGON - SMALL,2.5,4,M5,Z,12.6,9.5,11.2,25,258
434,2014,GMC,SAVANA 1500 CARGO,VAN - CARGO,4.3,6,A4,X,17.1,12.7,15.1,19,347
663,2014,LEXUS,IS 250 AWD,COMPACT,2.5,6,AS6,Z,11.8,8.7,10.4,27,239
299,2014,DODGE,CHALLENGER (MDS),MID-SIZE,5.7,8,A5,X,15.8,9.2,12.8,22,294
961,2014,SUBARU,TRIBECA AWD,SUV - SMALL,3.6,6,AS5,X,14.7,11.1,13.1,22,301
436,2014,GMC,SAVANA 1500 CARGO,VAN - CARGO,5.3,8,A4,E,23.5,17.7,20.9,14,334
675,2014,LEXUS,RX 350 AWD,SUV - SMALL,3.5,6,AS8,X,12.7,9.1,11.1,25,255
904,2014,PORSCHE,PANAMERA 4S EXECUTIVE,FULL-SIZE,3.0,6,AM7,Z,13.7,8.9,11.5,25,264
438,2014,GMC,SAVANA 1500 CARGO AWD,VAN - CARGO,5.3,8,A4,E,23.7,18.8,21.5,13,344
325,2014,DODGE,DURANGO AWD FFV,SUV - STANDARD,3.6,6,A8,E,17.7,13.0,15.6,18,250
403,2014,FORD,FOCUS FFV,COMPACT,2.0,4,AS6,X,8.9,6.4,7.8,36,179
265,2014,CHEVROLET,TAHOE,SUV - STANDARD,5.3,8,A6,X,16.0,11.1,13.8,20,317
564,2014,JAGUAR,XK COUPE,MINICOMPACT,5.0,8,AS6,Z,14.8,9.9,12.6,22,290
602,2014,KIA,FORTE,MID-SIZE,1.8,4,M6,X,9.3,6.4,8.0,35,184
908,2014,PORSCHE,PANAMERA TURBO EXECUTIVE,FULL-SIZE,4.8,8,AM7,Z,15.4,9.8,12.9,22,297
278,2014,CHRYSLER,200 CONVERTIBLE FFV,COMPACT,3.6,6,A6,E,17.0,11.2,14.4,20,230
655,2014,LEXUS,CT 200h,COMPACT,1.8,4,AV,X,5.5,5.8,5.6,50,129
847,2014,NISSAN,JUKE AWD,STATION WAGON - SMALL,1.6,4,AV,Z,9.3,7.9,8.7,32,200
732,2014,MERCEDES-BENZ,CL 550 4MATIC,COMPACT,4.7,8,AS7,Z,15.4,10.4,13.2,21,304
711,2014,MAZDA,MAZDA3 5-DOOR (i-ELOOP),MID-SIZE,2.5,4,AS6,X,8.2,6.1,7.3,39,168
553,2014,JAGUAR,XFR,MID-SIZE,5.0,8,AS8,E,21.3,14.1,18.1,16,290
838,2014,NISSAN,ARMADA 4WD,SUV - STANDARD,5.6,8,A5,X,19.1,13.4,16.5,17,380
988,2014,TOYOTA,PRIUS c,COMPACT,1.5,4,AV,X,4.6,4.9,4.7,60,108
997,2014,TOYOTA,TACOMA,PICKUP TRUCK - SMALL,2.7,4,M5,X,11.3,8.9,10.2,28,235
231,2014,CHEVROLET,IMPALA,FULL-SIZE,3.6,6,AS6,E,16.7,11.3,14.3,20,229
245,2014,CHEVROLET,SILVERADO 4WD,PICKUP TRUCK - STANDARD,5.3,8,A6,E,19.9,14.2,17.3,16,277
167,2014,CADILLAC,CTS SEDAN AWD,MID-SIZE,3.6,6,AS6,X,13.1,9.0,11.3,25,260
502,2014,HYUNDAI,ACCENT,COMPACT,1.6,4,A6,X,8.8,6.3,7.7,37,177
332,2014,FIAT,500 ABARTH CABRIO,MINICOMPACT,1.4,4,M5,X,8.5,6.9,7.8,36,179
899,2014,PORSCHE,CAYMAN S,TWO-SEATER,3.4,6,AM7,Z,11.3,7.9,9.8,29,225
1048,2014,VOLKSWAGEN,PASSAT TDI CLEAN DIESEL,MID-SIZE,2.0,4,A6,D,8.1,5.9,7.1,40,192
775,2014,MERCEDES-BENZ,SLK 350,TWO-SEATER,3.5,6,AS7,Z,11.1,8.1,9.8,29,225
426,2014,FORD,TAURUS FFV AWD,FULL-SIZE,3.5,6,AS6,X,13.0,9.1,11.2,25,258
541,2014,INFINITI,QX60,SUV - SMALL,3.5,6,AV,Z,11.9,9.0,10.6,27,244
750,2014,MERCEDES-BENZ,E 63 AMG 4MATIC,MID-SIZE,5.5,8,AS7,Z,15.0,10.3,12.9,22,297
762,2014,MERCEDES-BENZ,ML 350 4MATIC FFV,SUV - STANDARD,3.5,6,AS7,Z,13.4,10.5,12.1,23,278
162,2014,CADILLAC,CTS COUPE,MID-SIZE,3.6,6,AS6,X,13.2,8.7,11.2,25,258
149,2014,BUICK,REGAL,MID-SIZE,2.0,4,AS6,Z,11.5,7.9,9.9,29,228
226,2014,CHEVROLET,EXPRESS 3500 PASSENGER,VAN - PASSENGER,4.8,8,A6,X,21.3,14.3,18.2,16,419
685,2014,LINCOLN,MKZ HYBRID,MID-SIZE,2.0,4,AV,X,6.2,6.4,6.3,45,145
94,2014,BMW,435i COUPE,COMPACT,3.0,6,A8,Z,11.4,7.3,9.6,29,221
768,2014,MERCEDES-BENZ,S 550 4MATIC SWB,FULL-SIZE,4.7,8,AS7,Z,14.2,9.4,12.0,24,276
221,2014,CHEVROLET,EXPRESS 1500 PASSENGER AWD,VAN - PASSENGER,5.3,8,A4,X,18.3,14.2,16.5,17,380
597,2014,JEEP,WRANGLER 4X4 (2-DOOR),SUV - SMALL,3.6,6,M6,X,14.2,11.0,12.8,22,294
699,2014,MAZDA,CX-9,SUV - SMALL,3.7,6,AS6,X,14.2,10.0,12.3,23,283
473,2014,GMC,YUKON DENALI AWD,SUV - STANDARD,6.2,8,A6,Z,17.0,11.8,14.7,19,338
504,2014,HYUNDAI,ELANTRA GT,MID-SIZE,2.0,4,A6,X,9.8,7.2,8.6,33,198
601,2014,KIA,FORTE,MID-SIZE,1.8,4,A6,X,9.6,6.6,8.3,34,191
973,2014,TOYOTA,COROLLA,MID-SIZE,1.8,4,AV7,X,8.1,6.3,7.3,39,168
34,2014,AUDI,A8L,FULL-SIZE,4.0,8,AS8,Z,14.7,9.7,12.5,23,288
217,2014,CHEVROLET,EXPRESS 1500 CARGO CONV AWD,VAN - CARGO,5.3,8,A4,X,18.3,14.2,16.5,17,380
72,2014,BENTLEY,CONTINENTAL GTC,SUBCOMPACT,4.0,8,AS8,Z,16.7,10.6,14.0,20,322
817,2014,MITSUBISHI,LANCER,COMPACT,2.0,4,M5,X,9.6,6.8,8.3,34,191
220,2014,CHEVROLET,EXPRESS 1500 PASSENGER,VAN - PASSENGER,5.3,8,A4,E,23.9,18.5,21.5,13,344
213,2014,CHEVROLET,EXPRESS 1500 CARGO AWD,VAN - CARGO,5.3,8,A4,X,18.3,14.2,16.5,17,380
958,2014,SUBARU,OUTBACK AWD,SUV - SMALL,2.5,4,AV,X,9.9,7.8,9.0,31,207
394,2014,FORD,FIESTA SFE,SUBCOMPACT,1.0,4,M5,X,7.5,5.5,6.6,43,152
1047,2014,VOLKSWAGEN,PASSAT,MID-SIZE,3.6,6,A6,Z,12.4,8.8,10.8,26,248
367,2014,FORD,EXPLORER FFV AWD,SUV - STANDARD,3.5,6,AS6,X,14.3,10.3,12.5,23,288
12,2014,ASTON MARTIN,DB9,MINICOMPACT,5.9,12,A6,Z,18.0,12.6,15.6,18,359
946,2014,SUBARU,FORESTER AWD,SUV - SMALL,2.5,4,M6,X,10.9,8.3,9.7,29,223
343,2014,FORD,E150 VAN FFV,VAN - CARGO,4.6,8,A4,X,17.7,14.4,16.2,17,373
198,2014,CHEVROLET,CRUZE,MID-SIZE,1.4,4,M6,X,9.1,6.3,7.8,36,179
725,2014,MERCEDES-BENZ,C 300 4MATIC FFV,COMPACT,3.5,6,AS7,E,16.4,11.1,14.0,20,224
696,2014,MAZDA,CX-5,SUV - SMALL,2.5,4,AS6,X,9.6,7.4,8.6,33,198
234,2014,CHEVROLET,MALIBU,MID-SIZE,2.5,4,AS6,X,9.3,6.4,8.0,35,184
695,2014,MAZDA,CX-5,SUV - SMALL,2.0,4,M6,X,9.0,6.8,8.0,35,184
420,2014,FORD,MUSTANG,SUBCOMPACT,5.8,8,M6,Z,15.9,9.9,13.2,21,304
923,2014,ROLLS-ROYCE,GHOST EWB,FULL-SIZE,6.6,12,A8,Z,19.1,12.3,16.0,18,368
975,2014,TOYOTA,COROLLA,MID-SIZE,1.8,4,M6,X,8.3,6.3,7.4,38,170
608,2014,KIA,FORTE 5,FULL-SIZE,2.0,4,M6,X,9.8,7.0,8.5,33,196
874,2014,PORSCHE,911 CARRERA 4S CABRIOLET,MINICOMPACT,3.8,6,M7,Z,12.9,9.1,11.2,25,258
297,2014,DODGE,CHALLENGER,MID-SIZE,3.6,6,A5,X,13.2,8.7,11.2,25,258
63,2014,AUDI,SQ5,SUV - SMALL,3.0,6,AS8,Z,14.9,10.1,12.7,22,292
734,2014,MERCEDES-BENZ,CLA 250,COMPACT,2.0,4,AS7,Z,9.1,6.2,7.8,36,179
607,2014,KIA,FORTE 5,FULL-SIZE,2.0,4,A6,X,9.7,6.8,8.4,34,193
13,2014,ASTON MARTIN,RAPIDE,SUBCOMPACT,5.9,12,A6,Z,18.0,12.6,15.6,18,359
839,2014,NISSAN,FRONTIER,PICKUP TRUCK - SMALL,2.5,4,A5,X,13.7,10.6,12.3,23,283
435,2014,GMC,SAVANA 1500 CARGO,VAN - CARGO,5.3,8,A4,X,18.0,13.4,15.9,18,366
17,2014,ASTON MARTIN,V8 VANTAGE S,TWO-SEATER,4.7,8,M6,Z,18.1,12.2,15.4,18,354
764,2014,MERCEDES-BENZ,ML 350 BLUETEC 4MATIC,SUV - STANDARD,3.0,6,AS7,D,11.8,8.5,10.3,27,278
918,2014,RAM,1500 FFV,PICKUP TRUCK - STANDARD,3.6,6,A8,E,19.4,13.6,16.8,17,269
758,2014,MERCEDES-BENZ,GL 550 4MATIC,SUV - STANDARD,4.7,8,AS7,Z,17.6,13.1,15.6,18,359
779,2014,MERCEDES-BENZ,SLS AMG ROADSTER,TWO-SEATER,6.2,8,AS7,Z,18.2,12.6,15.7,18,361
348,2014,FORD,E150 WAGON FFV,VAN - PASSENGER,4.6,8,A4,E,25.5,20.0,23.0,12,368
207,2014,CHEVROLET,EQUINOX AWD,SUV - SMALL,2.4,4,A6,X,11.5,8.2,10.0,28,230
90,2014,BMW,335i xDRIVE GRAN TURISMO,FULL-SIZE,3.0,6,A8,Z,11.9,8.0,10.1,28,232
307,2014,DODGE,CHARGER AWD FFV,FULL-SIZE,3.6,6,A8,X,12.8,8.6,10.9,26,251
341,2014,FIAT,500L TURBO,STATION WAGON - SMALL,1.4,4,M6,X,9.3,7.2,8.4,34,193
380,2014,FORD,F150 FFV,PICKUP TRUCK - STANDARD,5.0,8,A6,E,22.1,16.7,19.7,14,315
344,2014,FORD,E150 VAN FFV,VAN - CARGO,4.6,8,A4,E,24.1,19.2,21.9,13,350
471,2014,GMC,YUKON 4WD,SUV - STANDARD,5.3,8,A6,X,16.0,11.1,13.8,20,317
896,2014,PORSCHE,CAYENNE TURBO,SUV - STANDARD,4.8,8,A8,Z,15.9,10.9,13.7,21,315
919,2014,RAM,1500 HFE,PICKUP TRUCK - STANDARD,3.6,6,A8,X,12.9,9.3,11.3,25,260
938,2014,SMART,FORTWO CABRIOLET,TWO-SEATER,1.0,3,AM5,Z,6.9,5.7,6.4,44,147
551,2014,JAGUAR,XF 3.0L AWD,MID-SIZE,3.0,6,AS8,Z,14.7,9.1,12.2,23,281
598,2014,JEEP,WRANGLER UNLIMITED 4X4 (4-DOOR),SUV - SMALL,3.6,6,A5,X,14.8,11.7,13.4,21,308
693,2014,MASERATI,QUATTROPORTE SQ4,FULL-SIZE,3.0,6,AS8,Z,15.9,9.7,13.1,22,301
32,2014,AUDI,A8 TDI CLEAN DIESEL,MID-SIZE,3.0,6,AS8,D,10.0,6.4,8.4,34,227
372,2014,FORD,F150 4X4,PICKUP TRUCK - STANDARD,3.5,6,A6,X,15.9,11.3,13.8,20,317
657,2014,LEXUS,ES 350,MID-SIZE,3.5,6,AS6,X,11.3,7.6,9.6,29,221
670,2014,LEXUS,LS 460 AWD,MID-SIZE,4.6,8,AS8,Z,15.1,10.3,12.9,22,297
172,2014,CADILLAC,CTS SPORT WAGON AWD,STATION WAGON - SMALL,3.6,6,AS6,X,13.3,9.0,11.4,25,262
948,2014,SUBARU,IMPREZA AWD,COMPACT,2.0,4,M5,X,9.6,7.1,8.5,33,196
949,2014,SUBARU,IMPREZA AWD,COMPACT,2.5,4,M5,Z,12.6,9.5,11.2,25,258
408,2014,FORD,FOCUS SFE FFV,COMPACT,2.0,4,A6,E,11.6,8.3,10.1,28,162
925,2014,ROLLS-ROYCE,PHANTOM COUPE,COMPACT,6.7,12,A8,Z,20.7,12.8,17.1,17,393
1004,2014,TOYOTA,TUNDRA,PICKUP TRUCK - STANDARD,4.6,8,AS6,X,15.9,12.3,14.3,20,329
200,2014,CHEVROLET,CRUZE,MID-SIZE,1.8,4,M6,X,9.5,6.5,8.2,34,189
893,2014,PORSCHE,CAYENNE GTS,SUV - STANDARD,4.8,8,A8,Z,15.9,11.4,13.9,20,320
292,2014,CHRYSLER,TOWN & COUNTRY FFV,MINIVAN,3.6,6,A6,E,19.7,13.3,16.8,17,269
860,2014,NISSAN,TITAN 4WD,PICKUP TRUCK - STANDARD,5.6,8,A5,X,19.7,14.3,17.3,16,398
583,2014,JEEP,COMPASS 4X4 TRAIL RATED,SUV - SMALL,2.4,4,AV,X,11.7,10.3,11.1,25,255
965,2014,TOYOTA,4RUNNER (Part-Time 4WD),SUV - STANDARD,4.0,6,AS5,X,14.3,11.1,12.9,22,297
510,2014,HYUNDAI,SANTA FE SPORT,SUV - SMALL,2.4,4,A6,X,11.6,8.7,10.3,27,237
1012,2014,TOYOTA,YARIS,COMPACT,1.5,4,A4,X,7.9,6.6,7.3,39,168
941,2014,SRT,VIPER GTS COUPE,TWO-SEATER,8.4,10,M6,Z,20.0,13.0,16.9,17,389
980,2014,TOYOTA,FJ CRUISER 4WD,SUV - SMALL,4.0,6,A5,X,14.3,11.2,12.9,22,297
1054,2014,VOLKSWAGEN,TOUAREG,SUV - STANDARD,3.6,6,AS8,Z,13.8,10.3,12.2,23,281
618,2014,KIA,RONDO,STATION WAGON - MID-SIZE,2.0,4,A6,X,10.5,7.5,9.2,31,212
489,2014,HONDA,CIVIC,COMPACT,1.8,4,AV7,X,8.1,6.2,7.2,39,166
863,2014,NISSAN,XTERRA 4WD,SUV - SMALL,4.0,6,A5,X,16.1,11.9,14.2,20,327
977,2014,TOYOTA,COROLLA LE ECO (2-mode),MID-SIZE,1.8,4,AV,X,7.8,5.9,6.9,41,159
972,2014,TOYOTA,COROLLA,MID-SIZE,1.8,4,A4,X,8.6,6.5,7.7,37,177
133,2014,BMW,X6 xDRIVE35i,SUV - STANDARD,3.0,6,A8,Z,13.6,9.8,11.9,24,274
60,2014,AUDI,S6,MID-SIZE,4.0,8,A7,Z,14.2,9.7,12.2,23,281
690,2014,MASERATI,GRANTURISMO,SUBCOMPACT,4.7,8,AS6,Z,18.2,11.4,15.1,19,347
26,2014,AUDI,A6 QUATTRO,MID-SIZE,3.0,6,AS8,Z,12.8,8.6,10.9,26,251
905,2014,PORSCHE,PANAMERA GTS,FULL-SIZE,4.8,8,AM7,Z,15.1,9.7,12.7,22,292
100,2014,BMW,535d xDRIVE,MID-SIZE,3.0,6,A8,D,9.2,6.4,7.9,36,213
531,2014,INFINITI,Q60 CONVERTIBLE,SUBCOMPACT,3.7,6,AS7,Z,13.6,9.3,11.7,24,269
588,2014,JEEP,GRAND CHEROKEE 4X4 SRT (MDS),SUV - STANDARD,6.4,8,A8,Z,18.5,12.6,15.8,18,363
664,2014,LEXUS,IS 250 C,SUBCOMPACT,2.5,6,AS6,Z,11.2,7.8,9.7,29,223
776,2014,MERCEDES-BENZ,SLK 55 AMG,TWO-SEATER,5.5,8,AS7,Z,12.3,8.7,10.7,26,246
788,2014,MINI,COOPER PACEMAN,COMPACT,1.6,4,A6,Z,9.4,7.9,8.7,32,200
520,2014,HYUNDAI,TUCSON 4WD,SUV - SMALL,2.0,4,A6,X,11.4,9.3,10.5,27,242
363,2014,FORD,EXPLORER,SUV - STANDARD,2.0,4,A6,X,11.8,8.3,10.2,28,235
309,2014,DODGE,CHARGER FFV,FULL-SIZE,3.6,6,A5,X,13.2,8.7,11.2,25,258
795,2014,MINI,COOPER S CONVERTIBLE,MINICOMPACT,1.6,4,M6,Z,9.1,6.7,8.0,35,184
963,2014,SUBARU,XV CROSSTREK AWD,SUV - SMALL,2.0,4,M5,X,10.2,8.0,9.2,31,212
828,2014,MITSUBISHI,OUTLANDER 4WD,SUV - SMALL,3.0,6,AS6,Z,11.5,8.5,10.2,28,235
604,2014,KIA,FORTE,MID-SIZE,2.0,4,M6,X,9.7,6.8,8.4,34,193
252,2014,CHEVROLET,SONIC 5,MID-SIZE,1.4,4,M6,X,8.5,6.2,7.5,38,172
544,2014,INFINITI,QX70 AWD,SUV - SMALL,3.7,6,AS7,Z,14.5,10.7,12.8,22,294
939,2014,SMART,FORTWO COUPE,TWO-SEATER,1.0,3,AM5,Z,6.9,5.7,6.4,44,147
481,2014,HONDA,ACCORD,MID-SIZE,2.4,4,AV,X,9.0,6.6,7.9,36,182
441,2014,GMC,SAVANA 1500 CARGO CONV AWD,VAN - CARGO,5.3,8,A4,X,18.3,14.2,16.5,17,380
647,2014,LAND ROVER,RANGE ROVER SPORT V8 5.0 SC FFV,SUV - STANDARD,5.0,8,AS8,Z,16.6,12.3,14.7,19,338
476,2014,GMC,YUKON DENALI XL AWD,SUV - STANDARD,6.2,8,A6,E,25.7,17.8,22.1,13,354
22,2014,AUDI,A5 CABRIOLET QUATTRO,SUBCOMPACT,2.0,4,AS8,Z,11.5,8.1,10.0,28,230
62,2014,AUDI,S8,MID-SIZE,4.0,8,AS8,Z,15.4,9.8,12.9,22,297
148,2014,BUICK,LACROSSE eASSIST,MID-SIZE,2.4,4,AS6,X,9.6,6.5,8.2,34,189
483,2014,HONDA,ACCORD,MID-SIZE,2.4,4,M6,X,10.1,6.9,8.7,32,200
727,2014,MERCEDES-BENZ,C 350 4MATIC,COMPACT,3.5,6,AS7,Z,11.9,8.6,10.4,27,239
1002,2014,TOYOTA,TACOMA 4WD,PICKUP TRUCK - SMALL,4.0,6,M6,X,15.3,12.3,14.0,20,322
786,2014,MINI,COOPER COUPE,TWO-SEATER,1.6,4,A6,Z,8.5,6.6,7.6,37,175
257,2014,CHEVROLET,SONIC RS,COMPACT,1.4,4,AS6,X,9.4,7.0,8.3,34,191
52,2014,AUDI,RS5,SUBCOMPACT,4.2,8,A7,Z,15.3,10.9,13.3,21,306
242,2014,CHEVROLET,SILVERADO 4WD,PICKUP TRUCK - STANDARD,4.3,6,A6,X,14.2,10.6,12.6,22,290
173,2014,CADILLAC,CTS-V COUPE,MID-SIZE,6.2,8,AS6,Z,19.7,12.9,16.6,17,382
35,2014,AUDI,A8L,FULL-SIZE,6.3,12,AS8,Z,18.2,12.6,15.7,18,361
178,2014,CADILLAC,CTS-V SPORT WAGON,STATION WAGON - SMALL,6.2,8,M6,Z,16.7,12.5,14.8,19,340
679,2014,LINCOLN,MKT AWD,SUV - STANDARD,3.5,6,AS6,X,14.8,10.4,12.8,22,294
738,2014,MERCEDES-BENZ,CLS 63 AMG S 4MATIC,COMPACT,5.5,8,AS7,Z,15.1,10.7,13.1,22,301
120,2014,BMW,M6,COMPACT,4.4,8,AM7,Z,17.3,11.5,14.7,19,338
1019,2014,VOLKSWAGEN,BEETLE,COMPACT,2.5,5,M5,X,11.2,7.7,9.6,29,221
275,2014,CHRYSLER,200 CONVERTIBLE,COMPACT,2.4,4,A4,X,11.7,8.2,10.1,28,232
44,2014,AUDI,R8,TWO-SEATER,4.2,8,A7,Z,17.6,11.0,14.6,19,336
300,2014,DODGE,CHALLENGER SRT,MID-SIZE,6.4,8,M6,Z,16.8,10.4,13.9,20,320
836,2014,NISSAN,ALTIMA,MID-SIZE,2.5,4,AV,X,8.7,6.2,7.6,37,175
76,2014,BMW,320i,COMPACT,2.0,4,A8,Z,10.0,6.5,8.4,34,193
720,2014,MAZDA,MX-5,TWO-SEATER,2.0,4,M6,Z,11.1,8.4,9.9,29,228
368,2014,FORD,EXPLORER FFV AWD,SUV - STANDARD,3.5,6,AS6,E,18.9,13.9,16.7,17,267
906,2014,PORSCHE,PANAMERA S,FULL-SIZE,3.0,6,AM7,Z,13.4,8.8,11.3,25,260
212,2014,CHEVROLET,EXPRESS 1500 CARGO,VAN - CARGO,5.3,8,A4,E,23.5,17.7,20.9,14,334
267,2014,CHEVROLET,TAHOE 4WD,SUV - STANDARD,5.3,8,A6,X,16.0,11.1,13.8,20,317
311,2014,DODGE,CHARGER FFV,FULL-SIZE,3.6,6,A8,X,12.3,7.6,10.2,28,235
728,2014,MERCEDES-BENZ,C 350 4MATIC COUPE,SUBCOMPACT,3.5,6,AS7,Z,12.1,8.7,10.6,27,244
444,2014,GMC,SAVANA 1500 PASSENGER,VAN - PASSENGER,5.3,8,A4,E,23.9,18.5,21.5,13,344
503,2014,HYUNDAI,ACCENT,COMPACT,1.6,4,M6,X,8.7,6.4,7.7,37,177
495,2014,HONDA,CR-Z,TWO-SEATER,1.5,4,M6,X,7.6,6.1,6.9,41,159
33,2014,AUDI,A8L,FULL-SIZE,3.0,6,AS8,Z,13.1,8.8,11.2,25,258
9,2014,ACURA,TSX,COMPACT,2.4,4,AS5,Z,10.6,7.5,9.2,31,212
688,2014,MASERATI,GHIBLI,MID-SIZE,3.0,6,AS8,Z,15.2,9.6,12.7,22,292
160,2014,CADILLAC,ATS AWD,COMPACT,2.0,4,AS6,Z,11.8,8.1,10.1,28,232
285,2014,CHRYSLER,300 AWD (MDS),FULL-SIZE,5.7,8,A5,X,16.1,10.0,13.4,21,308
295,2014,DODGE,AVENGER FFV,MID-SIZE,3.6,6,A6,X,12.5,8.1,10.5,27,242
616,2014,KIA,RIO,COMPACT,1.6,4,M6,X,8.7,6.4,7.7,37,177
824,2014,MITSUBISHI,MIRAGE,COMPACT,1.2,3,AV,X,6.4,5.4,6.0,47,138
625,2014,KIA,SOUL,STATION WAGON - SMALL,1.6,4,A6,X,9.8,7.9,8.9,32,205
277,2014,CHRYSLER,200 CONVERTIBLE FFV,COMPACT,3.6,6,A6,X,12.5,8.1,10.5,27,242
1005,2014,TOYOTA,TUNDRA,PICKUP TRUCK - STANDARD,5.7,8,AS6,X,17.6,12.9,15.5,18,356
603,2014,KIA,FORTE,MID-SIZE,2.0,4,A6,X,9.8,6.6,8.4,34,193
484,2014,HONDA,ACCORD,MID-SIZE,3.5,6,A6,X,11.0,6.8,9.1,31,209
496,2014,HONDA,FIT,STATION WAGON - SMALL,1.5,4,A5,X,8.3,6.5,7.5,38,172
182,2014,CADILLAC,ESCALADE ESV AWD,SUV - STANDARD,6.2,8,A6,E,25.7,17.8,22.1,13,354
970,2014,TOYOTA,CAMRY HYBRID LE,MID-SIZE,2.5,4,AV,X,5.5,5.9,5.7,50,131
827,2014,MITSUBISHI,OUTLANDER 4WD,SUV - SMALL,2.4,4,AV6,X,9.9,8.1,9.1,31,209
1040,2014,VOLKSWAGEN,JETTA TDI CLEAN DIESEL,COMPACT,2.0,4,A6,D,7.9,5.7,6.9,41,186
684,2014,LINCOLN,MKZ AWD,MID-SIZE,3.7,6,AS6,X,13.1,9.3,11.4,25,262
744,2014,MERCEDES-BENZ,E 350 CABRIOLET,SUBCOMPACT,3.5,6,AS7,Z,12.0,8.5,10.4,27,239
1049,2014,VOLKSWAGEN,PASSAT TDI CLEAN DIESEL,MID-SIZE,2.0,4,M6,D,8.0,5.4,6.8,42,184
36,2014,AUDI,A8L TDI CLEAN DIESEL,FULL-SIZE,3.0,6,AS8,D,10.1,6.5,8.5,33,230
156,2014,CADILLAC,ATS,COMPACT,2.0,4,AS6,Z,11.3,7.5,9.6,29,221
2,2014,ACURA,ILX HYBRID,COMPACT,1.5,4,AV7,Z,6.0,5.8,5.9,48,136
754,2014,MERCEDES-BENZ,G 550,SUV - STANDARD,5.5,8,AS7,Z,20.0,15.9,18.2,16,419
508,2014,HYUNDAI,SANTA FE,SUV - SMALL,3.3,6,A6,X,13.0,9.1,11.2,25,258
497,2014,HONDA,FIT,STATION WAGON - SMALL,1.5,4,M5,X,8.3,6.9,7.7,37,177
308,2014,DODGE,CHARGER AWD FFV,FULL-SIZE,3.6,6,A8,E,17.3,11.7,14.8,19,237
289,2014,CHRYSLER,300 FFV,FULL-SIZE,3.6,6,A8,E,16.8,10.3,13.9,20,222
957,2014,SUBARU,LEGACY AWD,MID-SIZE,3.6,6,AS5,X,13.3,9.5,11.6,24,267
560,2014,JAGUAR,XJL SUPERCHARGED,FULL-SIZE,5.0,8,AS8,E,20.6,13.6,17.5,16,280
414,2014,FORD,FUSION AWD,MID-SIZE,2.0,4,AS6,X,10.9,7.5,9.4,30,216
421,2014,FORD,MUSTANG CONVERTIBLE,SUBCOMPACT,3.7,6,A6,X,12.5,8.2,10.6,27,244
141,2014,BUICK,ENCLAVE AWD,SUV - STANDARD,3.6,6,A6,X,14.6,10.2,12.6,22,290
223,2014,CHEVROLET,EXPRESS 2500 PASSENGER,VAN - PASSENGER,4.8,8,A6,X,21.1,14.2,18.0,16,414
864,2014,NISSAN,XTERRA 4WD,SUV - SMALL,4.0,6,M6,X,15.2,11.9,13.7,21,315
183,2014,CADILLAC,SRX,SUV - STANDARD,3.6,6,AS6,X,14.3,9.8,12.3,23,283
843,2014,NISSAN,FRONTIER 4WD,PICKUP TRUCK - SMALL,4.0,6,M6,X,14.8,11.0,13.1,22,301
1033,2014,VOLKSWAGEN,GOLF WAGON TDI CLEAN DIESEL,STATION WAGON - SMALL,2.0,4,M6,D,7.9,5.6,6.9,41,186
1010,2014,TOYOTA,VENZA 4WD,SUV - SMALL,2.7,4,AS6,X,11.6,8.5,10.2,28,235
1023,2014,VOLKSWAGEN,BEETLE CONVERTIBLE,SUBCOMPACT,2.5,5,A6,X,11.2,8.7,10.1,28,232
672,2014,LEXUS,LS 600h L,MID-SIZE,5.0,8,AV8,Z,12.0,10.7,11.4,25,262
848,2014,NISSAN,MAXIMA,MID-SIZE,3.5,6,AV,Z,12.3,9.1,10.9,26,251
511,2014,HYUNDAI,SANTA FE SPORT 4WD,SUV - SMALL,2.0,4,A6,X,12.9,9.7,11.5,25,264
912,2014,RAM,1500 4X4 (MDS),PICKUP TRUCK - STANDARD,5.7,8,A8,X,16.3,11.5,14.1,20,324
731,2014,MERCEDES-BENZ,C 63 AMG COUPE,SUBCOMPACT,6.2,8,AS7,Z,17.9,12.2,15.3,18,352
996,2014,TOYOTA,TACOMA,PICKUP TRUCK - SMALL,2.7,4,A4,X,12.2,9.3,10.9,26,251
887,2014,PORSCHE,BOXSTER,TWO-SEATER,2.7,6,M6,Z,11.5,7.9,9.9,29,228
117,2014,BMW,ALPINA B7 xDRIVE SWB,FULL-SIZE,4.4,8,A8,Z,15.0,9.8,12.7,22,292
1025,2014,VOLKSWAGEN,BEETLE TDI CLEAN DIESEL,COMPACT,2.0,4,M6,D,8.5,5.8,7.3,39,197
113,2014,BMW,ACTIVEHYBRID 3,COMPACT,3.0,6,A8,Z,9.2,7.1,8.3,34,191
545,2014,INFINITI,QX70 AWD,SUV - SMALL,5.0,8,AS7,Z,16.6,11.9,14.5,19,334
165,2014,CADILLAC,CTS SEDAN,MID-SIZE,3.6,6,AS8,X,12.9,8.2,10.8,26,248
184,2014,CADILLAC,SRX AWD,SUV - STANDARD,3.6,6,AS6,X,14.8,10.4,12.8,22,294
274,2014,CHRYSLER,300,FULL-SIZE,3.6,6,A8,X,12.4,7.7,10.3,27,237
1001,2014,TOYOTA,TACOMA 4WD,PICKUP TRUCK - SMALL,4.0,6,A5,X,14.7,11.5,13.3,21,306
704,2014,MAZDA,MAZDA3 4-DOOR,COMPACT,2.0,4,M6,X,8.0,5.8,7.0,40,161
1024,2014,VOLKSWAGEN,BEETLE TDI CLEAN DIESEL,COMPACT,2.0,4,A6,D,8.2,6.1,7.3,39,197
383,2014,FORD,F150 FFV 4X4,PICKUP TRUCK - STANDARD,3.7,6,A6,X,15.0,11.4,13.4,21,308
561,2014,JAGUAR,XJR,FULL-SIZE,5.0,8,AS8,Z,15.8,10.2,13.3,21,306
862,2014,NISSAN,VERSA,COMPACT,1.6,4,M5,X,8.6,6.5,7.7,37,177
176,2014,CADILLAC,CTS-V SEDAN,MID-SIZE,6.2,8,M6,Z,16.7,12.5,14.8,19,340
379,2014,FORD,F150 FFV,PICKUP TRUCK - STANDARD,5.0,8,A6,X,16.4,12.3,14.6,19,336
1016,2014,VOLKSWAGEN,BEETLE,COMPACT,2.0,4,A6,Z,10.3,7.7,9.1,31,209
519,2014,HYUNDAI,TUCSON,SUV - SMALL,2.4,4,A6,X,11.3,8.3,10.0,28,230
830,2014,MITSUBISHI,RVR,SUV - SMALL,2.0,4,M5,X,9.9,7.5,8.8,32,202
507,2014,HYUNDAI,GENESIS,FULL-SIZE,3.8,6,A8,X,13.0,8.7,11.1,25,255
413,2014,FORD,FUSION (Start/Stop),MID-SIZE,1.5,4,AS6,X,9.5,6.3,8.1,35,186
622,2014,KIA,SORENTO,SUV - SMALL,3.3,6,A6,X,12.9,9.5,11.4,25,262
872,2014,PORSCHE,911 CARRERA 4S,MINICOMPACT,3.8,6,M7,Z,12.8,8.9,11.0,26,253
858,2014,NISSAN,SENTRA,MID-SIZE,1.8,4,M6,X,8.7,6.6,7.8,36,179
641,2014,LAND ROVER,RANGE ROVER LWB V8 5.0 SC FFV,SUV - STANDARD,5.0,8,AS8,Z,17.2,12.5,15.1,19,347
258,2014,CHEVROLET,SONIC RS,COMPACT,1.4,4,M6,X,8.7,7.0,7.9,36,182
834,2014,NISSAN,370Z ROADSTER,TWO-SEATER,3.7,6,AS7,Z,13.0,9.5,11.4,25,262
662,2014,LEXUS,IS 250,COMPACT,2.5,6,AS6,Z,11.2,7.8,9.7,29,223
337,2014,FIAT,500 HATCHBACK,MINICOMPACT,1.4,4,A6,X,8.7,6.9,7.9,36,182
398,2014,FORD,FLEX AWD,SUV - STANDARD,3.5,6,AS6,X,13.7,10.2,12.1,23,278
605,2014,KIA,FORTE 5,FULL-SIZE,1.6,4,A6,X,11.1,8.0,9.7,29,223
480,2014,GMC,YUKON XL 4WD,SUV - STANDARD,5.3,8,A6,E,21.5,14.6,18.4,15,294
917,2014,RAM,1500 FFV,PICKUP TRUCK - STANDARD,3.6,6,A8,X,13.9,9.5,11.9,24,274
1017,2014,VOLKSWAGEN,BEETLE,COMPACT,2.0,4,M6,Z,10.8,7.6,9.4,30,216
875,2014,PORSCHE,911 CARRERA CABRIOLET,MINICOMPACT,3.4,6,AM7,Z,11.6,8.3,10.1,28,232
659,2014,LEXUS,GS 350 AWD,MID-SIZE,3.5,6,AS6,Z,12.5,9.1,11.0,26,253
1021,2014,VOLKSWAGEN,BEETLE CONVERTIBLE,SUBCOMPACT,2.0,4,A6,Z,10.3,8.1,9.3,30,214
789,2014,MINI,COOPER PACEMAN,COMPACT,1.6,4,M6,Z,8.6,6.8,7.8,36,179
256,2014,CHEVROLET,SONIC 5 RS,MID-SIZE,1.4,4,M6,X,8.7,7.0,7.9,36,182
968,2014,TOYOTA,CAMRY,MID-SIZE,2.5,4,AS6,X,9.5,6.6,8.2,34,189
952,2014,SUBARU,IMPREZA WAGON AWD,STATION WAGON - SMALL,2.0,4,M5,X,9.6,7.1,8.5,33,196
